YEAR,MONTH,DAY,TMAX,TMIN,RH,WIND_SPEED,WIND_DIRECTION,HI
2019,1,1,26.1,22.2,89,3,90,38.5
2019,1,2,30.1,22.4,77,4,90,37.7
2019,1,3,31.5,22.5,82,2,90,35.3
2019,1,4,29.5,22.8,72,4,90,38.8
2019,1,5,31.1,22.9,74,4,70,35.9
2019,1,6,30.8,21.1,73,4,90,37.7
2019,1,7,30,21.5,73,2,90,36.5
2019,1,8,30.3,22.5,72,3,40,37.1
2019,1,9,30.6,22.2,76,2,90,34.7
2019,1,10,30.3,22.6,75,3,90,33.1
2019,1,11,30.5,22.2,72,3,90,32.2
2019,1,12,31,22,73,3,90,33.3
2019,1,13,31,22.8,70,4,70,30.2
2019,1,14,29.5,21.1,71,4,70,35.8
2019,1,15,30.2,19.4,67,5,90,37.4
2019,1,16,30,18.2,71,4,70,30
2019,1,17,31,21,75,3,90,32.1
2019,1,18,29.2,21.3,80,3,90,28.7
2019,1,19,29.8,21,74,4,70,27.4
2019,1,20,31.5,21,74,4,70,30.9
2019,1,21,32,21.9,63,3,70,30.4
2019,1,22,32.1,22.8,69,4,70,34.5
2019,1,23,31,21.5,70,3,90,28.3
2019,1,24,31.5,22,72,3,70,32
2019,1,25,30.2,21.8,68,3,90,29.3
2019,1,26,29.5,20.1,75,3,90,34.1
2019,1,27,27.2,20,75,3,90,34.7
2019,1,28,29,18.8,73,4,70,31.2
2019,1,29,29,19.4,63,4,90,37
2019,1,30,29.9,21.2,58,4,70,31.2
2019,1,31,29.5,20,75,2,70,36.9
2019,2,1,30,20.5,72,4,70,34.8
2019,2,2,29.7,21.2,77,3,90,40
2019,2,3,30.2,22.2,77,3,110,37.6
2019,2,4,30.5,21.2,75,3,110,42.7
2019,2,5,31.2,20.6,76,3,140,40.3
2019,2,6,30.4,20.3,78,4,140,40.9
2019,2,7,30.8,19.7,72,3,70,38.2
2019,2,8,31.5,19,74,3,90,45.8
2019,2,9,31.5,21.5,79,3,40,41.2
2019,2,10,30.3,22,75,3,90,43.1
2019,2,11,30.2,21.7,79,2,90,37.8
2019,2,12,30.4,22,73,3,90,34.3
2019,2,13,27.7,17.8,78,3,70,37.6
2019,2,14,30,19.5,68,5,70,35.5
2019,2,15,30,20.9,65,3,90,36.3
2019,2,16,31.5,20,71,3,90,37.7
2019,2,17,30.5,20.5,76,3,90,30.4
2019,2,18,31,20.2,78,2,90,38.6
2019,2,19,30.7,20.3,74,2,90,37.4
2019,2,20,30,19.4,71,3,90,37.1
2019,2,21,31.2,19,71,3,90,37.4
2019,2,22,31.8,21.5,73,3,90,33.8
2019,2,23,30,20.6,68,4,90,32.2
2019,2,24,32.8,19.5,72,2,90,33.6
2019,2,25,32,21,76,2,90,40.3
2019,2,26,30.5,21,79,2,90,36.3
2019,2,27,30.3,21.4,77,1,90,34.1
2019,2,28,32,21,75,2,90,36.8
2019,3,1,31.5,21,75,3,90,38.3
2019,3,2,31.1,18.5,65,4,160,41.9
2019,3,3,32,21.5,73,3,20,42.6
2019,3,4,32,22,77,3,90,38.8
2019,3,5,31,20.5,77,3,90,42.4
2019,3,6,32.2,22.4,76,2,160,42
2019,3,7,32.2,20.5,79,2,90,33.6
2019,3,8,31.6,21.5,77,3,110,39.8
2019,3,9,32,20.4,67,3,140,43.6
2019,3,10,31.4,21,76,2,160,36.7
2019,3,11,32.7,21.4,78,2,180,32.7
2019,3,12,32.5,23,81,2,180,39.2
2019,3,13,30,22.5,80,3,140,46.5
2019,3,14,31.8,23.4,77,2,180,39.9
2019,3,15,32.4,22.8,79,1,170,39.9
2019,3,16,30.8,22.4,75,3,70,40.3
2019,3,17,31.6,22.9,72,4,70,37
2019,3,18,32.1,22,75,3,70,42.3
2019,3,19,32.2,22.5,71,3,110,39.3
2019,3,20,32.5,22,70,2,90,45.6
2019,3,21,33,21,75,2,140,41.9
2019,3,22,32.7,22.4,75,2,90,34.3
2019,3,23,32.8,22.8,71,2,90,41.2
2019,3,24,30.7,21.8,69,4,110,32.9
2019,3,25,32,21.4,70,3,70,42
2019,3,26,31.7,20.5,66,4,90,40.5
2019,3,27,31.5,23.5,69,3,110,45.6
2019,3,28,33.5,23.5,74,2,140,43.5
2019,3,29,33.5,23.5,78,2,90,44.9
2019,3,30,33.4,23.4,79,2,90,50.8
2019,3,31,33,20.5,77,2,90,41.2
2019,4,1,33,22.5,73,3,70,43.6
2019,4,2,33,23.5,72,4,70,46.7
2019,4,3,33,22.9,75,3,70,49.5
2019,4,4,33,23.1,73,3,70,43.1
2019,4,5,33.5,23.8,74,2,180,44.6
2019,4,6,34.3,23.6,76,2,90,47.2
2019,4,7,34.3,24,75,1,90,47.1
2019,4,8,34.3,23.1,74,2,90,43
2019,4,9,34.3,24.7,71,3,70,43.5
2019,4,10,35,23.6,73,3,90,46.1
2019,4,11,34.5,24.7,75,3,140,46.5
2019,4,12,33,24.6,87,2,90,43.8
2019,4,13,34.5,25,77,3,90,43.3
2019,4,14,34.5,25,72,2,90,41
2019,4,15,31.6,24.5,89,1,80,47.8
2019,4,16,34.9,24.3,79,1,170,41.7
2019,4,17,35.7,24.8,76,1,180,44.6
2019,4,18,35.2,25.7,78,1,90,52.1
2019,4,19,35.1,24.5,75,2,140,54.3
2019,4,20,35.4,22.9,72,3,110,45.2
2019,4,21,36.2,22.9,64,2,90,45.7
2019,4,22,34.3,24.7,70,3,90,54.2
2019,4,23,34.3,23.5,75,2,110,52.3
2019,4,24,35.2,25.4,73,2,170,49.6
2019,4,25,36.5,23.5,65,3,90,43.2
2019,4,26,35.5,24.3,64,3,90,49.8
2019,4,27,36,23.2,64,5,70,53.6
2019,4,28,36.1,23.6,63,4,90,45.2
2019,4,29,36.5,23.5,64,2,140,46.3
2019,4,30,36.5,25,66,1,180,51.7
2019,5,1,36.2,25.2,69,1,270,50
2019,5,2,35.9,23.8,75,2,90,51.5
2019,5,3,36.4,23.5,72,2,40,46.5
2019,5,4,35.4,24,76,1,200,46.3
2019,5,5,35.6,24.1,77,2,180,52.5
2019,5,6,33,24,86,2,180,48.3
2019,5,7,33.5,24,83,1,220,54.2
2019,5,8,34.5,23.5,86,1,180,53.2
2019,5,9,34.7,24,82,1,180,57.1
2019,5,10,34.3,23.6,84,1,180,46
2019,5,11,33.4,23.8,86,1,180,48.6
2019,5,12,35,25,83,1,180,56
2019,5,13,35.6,24.1,81,2,180,55
2019,5,14,35.6,25.5,74,2,40,49.6
2019,5,15,36.8,25,75,1,70,56.8
2019,5,16,36.5,26.5,72,1,180,55.4
2019,5,17,36.7,24.6,67,1,320,54
2019,5,18,36.5,24.4,73,1,200,49.2
2019,5,19,37,26,73,1,180,51.3
2019,5,20,37,25,79,1,220,55.6
2019,5,21,36.2,24.1,81,1,180,55.9
2019,5,22,34.9,24.8,81,1,90,48.1
2019,5,23,36,24.5,76,1,40,49.7
2019,5,24,35.5,24.5,72,2,40,54
2019,5,25,35.2,23.8,80,2,140,45.2
2019,5,26,33.8,23.5,85,1,90,55.2
2019,5,27,34,23,83,1,160,55.5
2019,5,28,35,23.8,80,2,140,50.1
2019,5,29,34,24.1,88,2,160,50.4
2019,5,30,34.1,25,79,3,90,48.5
2019,5,31,35.4,25,74,2,90,52.3
2019,6,1,35.5,24.2,74,2,70,55.3
2019,6,2,35.3,24.7,78,1,110,50.2
2019,6,3,36,25.7,77,1,90,54.2
2019,6,4,35.5,25.5,71,1,90,54
2019,6,5,36,25.5,72,2,90,49.9
2019,6,6,35.6,26,69,4,70,50.6
2019,6,7,35.5,25,69,3,70,45.5
2019,6,8,36,24.8,74,2,110,47.1
2019,6,9,37,26,73,2,40,40.8
2019,6,10,35.3,25.1,85,1,90,42.4
2019,6,11,34.3,25,94,1,90,37.5
2019,6,12,34,24,83,2,20,46.1
2019,6,13,32.5,24.4,89,2,180,39.9
2019,6,14,33.7,25,91,2,110,49.4
2019,6,15,31.6,24.3,87,1,270,44.4
2019,6,16,33.7,25.8,79,2,70,56.1
2019,6,17,35.5,25.4,75,3,90,52.1
2019,6,18,35.2,25.3,79,2,90,49.1
2019,6,19,33.8,25.8,78,2,90,43.6
2019,6,20,36.2,26,73,1,90,45.7
2019,6,21,36.5,25.5,75,1,180,42.5
2019,6,22,35.8,25.6,79,1,160,42.5
2019,6,23,36,25.5,79,2,290,45.3
2019,6,24,35,23.5,81,1,140,48.7
2019,6,25,33.5,24.5,84,1,320,48.7
2019,6,26,33.5,24.6,87,1,20,49.1
2019,6,27,31,24.8,94,1,120,38.3
2019,6,28,32,24.2,91,2,180,44.4
2019,6,29,31,24.8,92,2,180,48.1
2019,6,30,32.6,25.2,89,3,160,51.4
2019,7,1,29,24,93,4,160,46.4
2019,7,2,31.3,24.4,82,3,180,51.3
2019,7,3,34.4,24.4,75,3,160,50.3
2019,7,4,34.4,25.3,79,1,180,38.6
2019,7,5,34.3,24.7,85,1,180,42.9
2019,7,6,33.7,25,80,1,180,44.1
2019,7,7,34.5,24.8,82,1,240,42.3
2019,7,8,34.4,24.6,80,1,90,47.1
2019,7,9,33.5,23.9,81,2,40,41.6
2019,7,10,33.3,24.4,89,1,340,48.3
2019,7,11,35.2,24.8,79,2,270,49.9
2019,7,12,34.1,24.9,83,1,180,50.4
2019,7,13,33.6,25.7,81,1,270,46.4
2019,7,14,34.5,24,82,1,340,49.4
2019,7,15,31,24.8,87,2,180,44.6
2019,7,16,28.2,23,94,2,270,32.9
2019,7,17,29.1,23.5,91,2,180,32.2
2019,7,18,31.8,24.6,87,3,180,44.4
2019,7,19,32.8,24.8,89,2,180,37.6
2019,7,20,32.4,25,88,1,180,44.2
2019,7,21,32,24.2,88,1,180,40.8
2019,7,22,33.7,24.5,88,1,340,29
2019,7,23,32,25,89,1,140,34.4
2019,7,24,33.1,24.8,81,1,270,40.2
2019,7,25,34,23.9,83,2,180,39.2
2019,7,26,32,24.5,90,1,320,47.7
2019,7,27,33.3,23.5,86,1,360,43.1
2019,7,28,31,23.9,86,2,180,42.7
2019,7,29,29.7,23.5,94,2,90,38.9
2019,7,30,29.5,23,82,2,90,39.2
2019,7,31,31,23,88,3,90,41.8
2019,8,1,29.6,23.6,93,1,40,35.5
2019,8,2,29.4,24,95,1,180,38.9
2019,8,3,29.6,23.5,93,2,180,40.6
2019,8,4,31,24.5,92,2,90,37.3
2019,8,5,32,24.1,90,1,90,35.6
2019,8,6,31.4,24.4,93,1,90,40.2
2019,8,7,30.3,24.6,93,2,160,43.3
2019,8,8,30.4,23.8,95,3,180,47.4
2019,8,9,29.5,25,93,2,180,51.6
2019,8,10,30.6,25,95,2,180,50.3
2019,8,11,32.5,25,93,1,250,45.4
2019,8,12,32.3,25,91,1,270,47.1
2019,8,13,31,24.9,95,1,180,47.8
2019,8,14,32,23,90,1,270,49.6
2019,8,15,32,24.8,92,2,180,50.8
2019,8,16,33.2,25,90,2,180,42.4
2019,8,17,33.6,24.2,90,1,180,31.6
2019,8,18,33.6,24.1,86,2,270,38.6
2019,8,19,33,24.5,85,1,180,43.5
2019,8,20,33,24.2,86,1,140,48.3
2019,8,21,33.2,23.7,92,1,180,44.4
2019,8,22,32.3,23.9,82,1,270,37.6
2019,8,23,31,23.5,91,1,270,46.3
2019,8,24,30,23.5,95,1,180,51.9
2019,8,25,32.2,22.7,87,2,180,44.1
2019,8,26,33,23.6,87,1,270,30.7
2019,8,27,29,23.5,96,1,180,43.9
2019,8,28,30.5,23.5,87,2,90,38
2019,8,29,30,23.4,91,26,90,31
2019,8,30,31.7,23.6,89,1,270,39.8
2019,8,31,29.7,23,92,2,270,47.4
2019,9,1,31.7,23.6,86,2,180,45
2019,9,2,30.7,23.2,89,2,160,39.5
2019,9,3,28.3,24,93,2,70,40.8
2019,9,4,33.5,24,85,1,180,43.8
2019,9,5,32.5,23.5,88,1,180,43.1
2019,9,6,33,25,92,1,180,47.1
2019,9,7,29.7,25.1,93,1,180,42.6
2019,9,8,31.2,23.2,94,1,180,47.7
2019,9,9,27.4,22.5,95,1,180,40.6
2019,9,10,29,22.2,88,1,270,38.9
2019,9,11,32.8,23.6,86,1,270,41.3
2019,9,12,27,22.5,96,1,160,44.4
2019,9,13,33,24.5,88,1,140,42.6
2019,9,14,32.2,23.7,88,1,180,27.5
2019,9,15,30.5,24.2,91,1,180,33.4
2019,9,16,31.7,24.4,91,1,180,44.1
2019,9,17,30.3,23,94,4,70,48.2
2019,9,18,26.4,23.4,97,2,180,47.1
2019,9,19,29.2,23.4,93,1,180,29
2019,9,20,29.5,23.5,94,1,180,34.4
2019,9,21,30.5,21.5,90,1,270,38.8
2019,9,22,31.6,23.6,89,1,160,45.6
2019,9,23,33.4,24.6,85,1,160,41.8
2019,9,24,33.8,24.5,82,2,70,42.2
2019,9,25,33,23.5,85,2,40,37.4
2019,9,26,33.5,24.4,79,1,90,43.8
2019,9,27,33.7,24.4,83,2,160,36.9
2019,9,28,34.1,25.1,81,1,320,39.9
2019,9,29,33.1,24.5,86,1,180,38.5
2019,9,30,32.2,23.2,92,10,180,39
2019,10,1,33,23.7,86,1,90,40.6
2019,10,2,33.5,20.5,86,1,180,41.6
2019,10,3,32.8,21.8,83,2,90,39.3
2019,10,4,33,21.9,84,2,90,37.4
2019,10,5,32.9,23.7,83,1,70,34.8
2019,10,6,32,23,84,3,90,37.4
2019,10,7,33.2,22.5,73,1,90,38
2019,10,8,33.5,24.2,79,1,90,38.5
2019,10,9,31.7,23.1,82,1,90,37.5
2019,10,10,34,22.5,78,1,360,38.8
2019,10,11,33,22.5,80,1,90,39
2019,10,12,33.6,22.6,72,2,70,35.8
2019,10,13,33.6,20.6,71,3,40,37.5
2019,10,14,32.5,24.5,71,3,90,37.2
2019,10,15,34,24,77,2,90,34.8
2019,10,16,33.4,24.3,75,1,90,35.5
2019,10,17,34.2,23.7,75,1,90,32.6
2019,10,18,35.2,22.8,72,1,40,28
2019,10,19,34,23.4,88,1,90,35.9
2019,10,20,35.3,23.5,74,1,140,37.5
2019,10,21,34.5,24,76,1,90,37.6
2019,10,22,35,23.5,76,2,90,39.1
2019,10,23,34.9,23.5,75,1,90,37.6
2019,10,24,34.4,23.9,77,1,70,38.3
2019,10,25,32.8,23.8,76,2,90,36.9
2019,10,26,35,23.5,67,2,40,38.2
2019,10,27,36,24.8,70,2,70,36.5
2019,10,28,32.4,24.2,71,3,70,36.3
2019,10,29,29.4,23.9,85,3,40,28.2
2019,10,30,33,24,75,3,70,35.9
2019,10,31,35,24.5,71,2,70,37
2019,11,1,33.3,22.2,74,1,40,40.1
2019,11,2,32.5,23.6,82,1,40,41.2
2019,11,3,33.6,24.5,80,2,90,37.6
2019,11,4,32.5,24,85,2,40,36.2
2019,11,5,30,23.5,92,1,70,37
2019,11,6,32,23.5,90,3,40,33.9
2019,11,7,32.8,22.6,80,3,90,34.6
2019,11,8,34,23.6,81,1,180,34
2019,11,9,32,22.5,87,1,90,37.3
2019,11,10,26.7,22.8,91,1,40,36.1
2019,11,11,32,22.5,87,2,360,33.9
2019,11,12,31.8,23.5,77,3,40,37.2
2019,11,13,31.2,24.6,66,3,40,34.4
2019,11,14,31.4,24.6,66,4,360,35.2
2019,11,15,34,23,75,1,360,31.9
2019,11,16,34.5,22.5,79,1,140,37.4
2019,11,17,32.9,24.2,78,1,180,39
2019,11,18,31.2,23.8,87,0,0,38.2
2019,11,19,33,24,82,1,40,37
2019,11,20,30.5,22,91,3,70,37.5
2019,11,21,30.4,22.1,85,1,360,36.6
2019,11,22,28.6,23,90,1,160,39.2
2019,11,23,35,24.5,79,2,40,38
2019,11,24,33,23.5,76,3,90,39.1
2019,11,25,31,24,77,3,90,38.5
2019,11,26,32.4,23.1,74,2,90,37.9
2019,11,27,33,24,73,3,70,35
2019,11,28,32,23.4,73,2,40,35.2
2019,11,29,31,21.3,67,5,70,36.7
2019,11,30,30.6,21.1,64,3,40,31.7
2019,12,1,32.5,20.5,73,1,40,35.9
2019,12,2,32.5,23.5,71,4,360,36.6
2019,12,3,28.5,22.2,77,4,40,35.9
2019,12,4,31.8,24.2,82,3,40,35.4
2019,12,5,32.3,22.4,84,1,90,36
2019,12,6,33,22.4,83,1,340,31.1
2019,12,7,33,23.1,69,3,70,31.4
2019,12,8,30.7,21.7,63,4,40,29.2
2019,12,9,31.5,22.2,68,4,70,25.9
2019,12,10,32,21.5,72,3,40,34.7
2019,12,11,32.2,21.4,72,3,40,35.7
2019,12,12,32,21.8,72,1,90,36.8
2019,12,13,34.8,23.5,76,3,90,35.9
2019,12,14,33.5,24,75,4,40,35
2019,12,15,33,21,71,2,90,33.8
2019,12,16,32.4,23,70,2,70,37.4
2019,12,17,32,22.8,70,3,70,31.4
2019,12,18,31.5,22,72,3,40,30
2019,12,19,31.6,23,79,2,90,32.8
2019,12,20,30.7,22.6,81,2,40,34.7
2019,12,21,31.7,21.5,77,3,70,34.9
2019,12,22,32.7,20.7,74,2,40,30.9
2019,12,23,32.8,23.1,69,3,90,31.7
2019,12,24,32.7,24,70,3,70,29.2
2019,12,25,30.5,24.5,69,3,40,34.5
2019,12,26,30.9,23,88,3,90,33.1
2019,12,27,32.4,23.9,78,2,40,32.2
2019,12,28,30.9,23.4,76,2,90,37.8
2019,12,29,30.3,22.6,73,2,40,32.4
2019,12,30,30.3,22.4,78,3,40,30
2019,12,31,32.5,23.5,71,3,70,31.9
2020,1,1,32,24,70,3,70,28.5
2020,1,2,32.5,23,73,4,40,28.2
2020,1,3,30,22,73,4,70,30
2020,1,4,31.4,21.6,73,3,40,32.5
2020,1,5,30.2,21.6,72,2,40,35.2
2020,1,6,30.4,23,74,4,70,35
2020,1,7,32.7,23.4,70,3,70,32.1
2020,1,8,31.2,22.8,71,3,90,29.8
2020,1,9,30.2,22.6,73,4,70,29.2
2020,1,10,31,22,78,3,90,28.4
2020,1,11,31,22.5,80,2,90,30.1
2020,1,12,30.6,21.2,79,1,90,31.7
2020,1,13,30.9,23,77,3,40,32
2020,1,14,32.6,23,73,3,40,35
2020,1,15,30.5,23.4,75,5,70,36.3
2020,1,16,32.4,21.5,74,3,70,30.4
2020,1,17,33.1,22.5,77,1,200,28.5
2020,1,18,32,23,81,3,40,25.1
2020,1,19,32.5,22,78,3,70,28.8
2020,1,20,30.8,22,75,4,90,35.5
2020,1,21,27.8,21.3,76,3,90,33.5
2020,1,22,30,21.5,69,4,70,32.4
2020,1,23,30.2,22.8,68,3,40,26.2
2020,1,24,29,23.4,73,3,70,26.4
2020,1,25,30,22.2,75,3,70,30.2
2020,1,26,33,21.5,76,1,180,32.7
2020,1,27,33,21,79,1,90,32.8
2020,1,28,31.2,20.2,79,1,180,34.7
2020,1,29,30.3,20.7,77,1,270,34.5
2020,1,30,30.4,19.2,74,2,180,31.9
2020,1,31,29.5,19.6,70,5,70,29.9
2020,2,1,28.3,20,66,4,70,29.5
2020,2,2,29,19.9,70,4,90,29.8
2020,2,3,28.8,18.7,72,4,90,28.9
2020,2,4,30,18,78,3,40,26.4
2020,2,5,31.7,19.8,71,3,40,30.7
2020,2,6,30.4,22,78,4,90,30.7
2020,2,7,31.8,23.7,76,2,110,29.6
2020,2,8,31.7,23.2,78,3,90,32.9
2020,2,9,30.8,22,68,4,40,32.3
2020,2,10,29,20.9,68,4,90,32.7
2020,2,11,28.7,20,68,4,90,31
2020,2,12,30.2,21.4,71,4,90,33.9
2020,2,13,29.8,21.7,78,3,110,29.8
2020,2,14,31.2,22.2,79,4,90,30.8
2020,2,15,31,20.5,79,4,90,30.8
2020,2,16,33,21,74,2,90,34.8
2020,2,17,33.2,22.4,70,3,70,33
2020,2,18,30.2,21,64,5,40,31.4
2020,2,19,30.5,19.5,70,4,40,29.8
2020,2,20,29.5,19,67,4,90,29.5
2020,2,21,29.7,20.1,73,3,90,30.3
2020,2,22,29.7,21,72,5,90,31
2020,2,23,30.7,21,71,4,90,30.9
2020,2,24,30,22.4,75,3,70,32.1
2020,2,25,30,21.4,74,4,90,32.1
2020,2,26,31.2,22.1,73,3,90,35.8
2020,2,27,30,21.5,74,3,90,33.1
2020,2,28,30.5,21.2,64,5,40,32.9
2020,2,29,30.4,22,76,3,90,33.1
2020,3,1,32.1,21.7,77,1,90,32.9
2020,3,2,31.2,22,69,4,90,33.1
2020,3,3,30.8,22.5,69,4,70,34.1
2020,3,4,30.6,21.9,68,3,90,32
2020,3,5,33,23.1,76,3,90,32.6
2020,3,6,32,22.5,72,3,40,34.1
2020,3,7,33.5,23.2,79,2,140,31.6
2020,3,8,33.3,24.9,78,1,180,32.7
2020,3,9,33.7,24.3,80,1,180,30.4
2020,3,10,34.6,22.4,79,2,180,30.4
2020,3,11,32.6,23,74,4,110,33.4
2020,3,12,32.6,20.9,66,4,70,32.5
2020,3,13,33.2,22,75,2,160,31.7
2020,3,14,34,22.5,80,3,180,32.5
2020,3,15,34.5,23,81,4,40,33.5
2020,3,16,31.2,22.7,76,4,40,32.2
2020,3,17,31.2,22,77,3,90,32.4
2020,3,18,32.4,20,75,2,90,29.9
2020,3,19,33.2,22.6,71,2,70,35.7
2020,3,20,34,22.9,73,2,110,36
2020,3,21,33.8,24,72,2,90,33.3
2020,3,22,34.4,23.4,73,3,90,32.2
2020,3,23,34.1,23.1,74,2,90,34.1
2020,3,24,33.3,23.5,74,3,140,33.2
2020,3,25,32.5,21.5,72,5,90,30.4
2020,3,26,33.4,23.7,68,3,90,32.4
2020,3,27,33.5,22.5,72,2,70,34.2
2020,3,28,34,23.8,72,1,180,35.8
2020,3,29,33.7,23.7,74,3,90,36.1
2020,3,30,33,23.5,73,3,90,36.6
2020,3,31,34.6,20.2,70,2,70,38.8
2020,4,1,35,24.5,71,2,90,39.4
2020,4,2,33.4,22,71,4,90,38.7
2020,4,3,33.2,22.4,72,2,90,38.9
2020,4,4,34,23.6,74,1,110,36.3
2020,4,5,33.6,24,72,2,110,39
2020,4,6,34.1,23.7,71,2,90,30.5
2020,4,7,35.5,23.5,72,1,180,34.8
2020,4,8,34,24.2,75,3,40,34.5
2020,4,9,34.4,20.4,76,2,70,35
2020,4,10,34.7,24.4,68,4,70,34.2
2020,4,11,34.5,24,79,2,180,36
2020,4,12,33.8,22.8,76,1,240,39.1
2020,4,13,34.3,23.6,71,2,40,39.7
2020,4,14,32.9,23.5,68,4,90,38.2
2020,4,15,34.5,23,75,1,270,40.4
2020,4,16,36.7,24,76,3,40,38.7
2020,4,17,34.4,24.5,70,3,90,39.2
2020,4,18,34,24.5,79,3,90,43.7
2020,4,19,35.2,22.3,77,2,180,42.1
2020,4,20,35.2,24.6,77,1,90,40.4
2020,4,21,35.9,24.1,72,2,90,38.5
2020,4,22,37.1,26.1,64,3,180,38.3
2020,4,23,35.5,25.5,71,4,90,37.5
2020,4,24,36.5,25,71,4,90,37.6
2020,4,25,36.2,24.6,62,3,90,38.6
2020,4,26,36,24.6,67,3,140,42.2
2020,4,27,37,25.3,64,4,90,44.2
2020,4,28,36.7,25,67,3,70,45
2020,4,29,35.2,25.1,62,3,70,41.4
2020,4,30,35.2,25,62,3,90,43.7
2020,5,1,36.7,25.3,62,3,40,40.6
2020,5,2,37,25,64,2,90,40.7
2020,5,3,37,25,68,2,70,45.6
2020,5,4,37.7,21.5,68,2,90,46.6
2020,5,5,38,24.5,65,3,90,43.1
2020,5,6,38.4,26.8,66,1,90,43.6
2020,5,7,38.4,27.5,66,2,90,43
2020,5,8,38.5,26.2,63,2,180,43.7
2020,5,9,38.5,21,76,2,180,38.5
2020,5,10,38.8,25.5,75,2,40,44.3
2020,5,11,37,25.5,66,2,160,42.2
2020,5,12,38,25.8,65,3,90,40.6
2020,5,13,38.2,25.8,66,3,140,41.4
2020,5,14,38,25.5,66,4,70,41
2020,5,15,30.1,22.9,87,3,20,43.7
2020,5,16,31,23.5,88,1,70,40.8
2020,5,17,36,25,75,1,220,39.2
2020,5,18,36,24.5,78,1,180,44.2
2020,5,19,36,19.5,76,1,360,42.7
2020,5,20,35.7,26.2,75,2,90,44.1
2020,5,21,36,26.5,75,2,180,41.7
2020,5,22,35.7,24.8,78,1,180,42.3
2020,5,23,32.5,24.6,88,2,340,42.9
2020,5,24,34.1,25,89,1,200,43.5
2020,5,25,36,25.4,76,1,340,45.1
2020,5,26,35,24.4,81,1,180,42.2
2020,5,27,35.5,24.5,81,2,70,35.5
2020,5,28,35,22.5,79,3,180,41.9
2020,5,29,34.8,23.2,79,2,70,40.2
2020,5,30,35,25,76,1,70,41.6
2020,5,31,36,25,73,2,90,43.7
2020,6,1,35.5,24.5,72,2,90,44
2020,6,2,36.5,24.5,77,2,180,43.8
2020,6,3,36.5,26,78,2,180,45.5
2020,6,4,36.2,26.5,79,1,270,41.5
2020,6,5,36,26,74,2,90,43.9
2020,6,6,35.7,25.7,74,2,90,41.9
2020,6,7,35.8,25.4,85,1,90,47.8
2020,6,8,35,23.9,76,2,340,45.3
2020,6,9,35.8,24.9,70,1,90,46.5
2020,6,10,36,26,71,3,40,45
2020,6,11,36,23.5,83,1,270,42.7
2020,6,12,30.7,24.5,90,3,180,42.3
2020,6,13,34,24.6,79,3,70,40.5
2020,6,14,34.7,24.4,77,2,90,47.2
2020,6,15,34.2,25,82,1,90,45.9
2020,6,16,35.4,25.5,73,1,70,45.2
2020,6,17,35.6,25.1,69,2,70,44.2
2020,6,18,36.5,25,72,3,110,43.9
2020,6,19,35,23,82,2,180,36.6
2020,6,20,34,23.8,85,2,180,30.2
2020,6,21,34.8,24.5,78,1,180,37.7
2020,6,22,35.7,25.9,79,1,90,41.2
2020,6,23,35.9,23.3,81,1,180,43
2020,6,24,34.6,24.9,79,1,180,44.9
2020,6,25,35.1,23.2,80,2,340,41.7
2020,6,26,33.8,23.2,77,3,70,43.3
2020,6,27,33.2,24.4,76,3,90,43
2020,6,28,34.5,23,82,2,140,38.7
2020,6,29,34,24.8,82,1,180,43.4
2020,6,30,33.7,23.5,85,1,70,44.5
2020,7,1,33.7,25.2,76,8,180,43.3
2020,7,2,34.3,25.1,78,1,110,44.1
2020,7,3,33.6,24.5,77,1,110,38.2
2020,7,4,34.5,24.5,83,1,70,
2020,7,5,35,25,83,2,180,27.2
2020,7,6,34.5,24.8,81,1,180,31.1
2020,7,7,36.5,25.2,72,1,70,36.7
2020,7,8,35.7,23.3,79,2,140,28.2
2020,7,9,35.6,26.2,79,1,180,29.8
2020,7,10,35.6,25.5,76,1,90,32.2
2020,7,11,33.7,24.2,87,1,250,27.1
2020,7,12,34.6,25.2,85,1,110,38.5
2020,7,13,28.3,23,94,1,180,31.8
2020,7,14,34.4,23.5,81,1,180,34.5
2020,7,15,35.6,24,74,1,160,25.6
2020,7,16,33.6,25.2,78,2,70,24.1
2020,7,17,35.3,25.7,79,1,90,27.8
2020,7,18,34.8,24.7,72,3,90,40.1
2020,7,19,31.8,24.8,80,3,70,39.7
2020,7,20,34,24.5,78,2,90,41.7
2020,7,21,35.8,24.5,76,2,70,38.7
2020,7,22,33.4,25,82,2,90,37.5
2020,7,23,36.5,23.4,79,2,40,37.9
2020,7,24,33.2,24.6,85,1,90,42
2020,7,25,34.3,23.6,82,1,180,38.2
2020,7,26,34.7,24.7,83,1,180,33.8
2020,7,27,34.5,24.1,84,1,160,35.9
2020,7,28,33,23.5,94,1,340,38.9
2020,7,29,32.8,24.5,86,1,140,39.5
2020,7,30,32,24.8,92,2,90,40.7
2020,7,31,32,23.7,84,2,90,47.4
2020,8,1,32,24,89,1,70,38.5
2020,8,2,29.2,23.3,92,1,90,41
2020,8,3,32.9,23.9,83,2,90,40.6
2020,8,4,33.2,24.1,79,2,90,41
2020,8,5,33,24.8,81,3,40,43.1
2020,8,6,33,24,82,3,70,40.4
2020,8,7,32,23.5,88,1,160,40.1
2020,8,8,31.7,24.4,87,2,180,32.3
2020,8,9,29.8,23.6,94,2,180,38.6
2020,8,10,29.8,24.4,91,1,180,40.1
2020,8,11,34.5,24,84,1,70,41.7
2020,8,12,32.5,24,90,2,70,43.5
2020,8,13,34,23.5,83,1,270,40.7
2020,8,14,32,23.5,89,1,340,41.6
2020,8,15,31.6,23,91,1,140,43.4
2020,8,16,30.7,23.5,90,1,90,41.6
2020,8,17,32.2,24.2,89,1,90,41.6
2020,8,18,32.3,23.7,88,1,160,39.8
2020,8,19,32.7,23.5,88,1,180,30.9
2020,8,20,31.6,23.5,91,2,180,28.6
2020,8,21,32,24.5,88,1,180,32.2
2020,8,22,33,24.5,86,1,180,32.5
2020,8,23,33.7,23.8,83,1,180,30.4
2020,8,24,33.7,23.5,85,1,180,29.1
2020,8,25,33.5,23.7,83,1,340,37.5
2020,8,26,33.7,23.8,84,1,70,41.1
2020,8,27,33.7,23.5,81,1,90,40.1
2020,8,28,33,25,84,1,270,30.8
2020,8,29,32,24.8,88,1,270,36.6
2020,8,30,31,21,90,2,320,35.5
2020,8,31,33.3,24,87,1,220,38.6
2020,9,1,32.8,23,88,1,90,38.7
2020,9,2,32.4,23.7,87,1,180,43.7
2020,9,3,33.5,25.1,86,1,110,40
2020,9,4,34.5,25,82,1,270,41.8
2020,9,5,34.8,24,83,1,200,38.9
2020,9,6,34.5,25,88,1,270,29.8
2020,9,7,33.5,22,86,1,140,40.1
2020,9,8,34,23.8,80,1,90,41
2020,9,9,34,23.4,84,1,180,37.4
2020,9,10,34.2,23.3,85,1,90,37.7
2020,9,11,34.4,24.3,86,1,180,31.5
2020,9,12,31.2,23.2,87,1,160,36.9
2020,9,13,33.8,24.7,81,1,90,39
2020,9,14,34.5,24.5,80,1,70,40.1
2020,9,15,32.5,24,91,3,70,39.4
2020,9,16,29.5,24,92,2,90,41
2020,9,17,30,23,94,2,90,40.5
2020,9,18,32,23.8,84,1,110,39.4
2020,9,19,34.2,23.4,83,1,40,40.6
2020,9,20,34.4,24,83,1,360,40.4
2020,9,21,34.6,23.2,81,1,180,40.8
2020,9,22,34,22.5,86,1,290,40
2020,9,23,33,23.5,89,1,250,41.9
2020,9,24,31.5,24,89,1,340,40.6
2020,9,25,30,23.2,91,1,160,39.8
2020,9,26,33.7,24.3,87,1,110,41.2
2020,9,27,33.4,24.6,86,1,360,29.7
2020,9,28,33.8,24.5,81,1,270,37.7
2020,9,29,34.1,24,80,1,180,41.6
2020,9,30,34,24.5,87,0,0,38.9
2020,10,1,34.5,23.3,86,1,110,27.8
2020,10,2,33.8,24,86,2,180,39.5
2020,10,3,33.6,24.4,87,2,70,35.9
2020,10,4,33.4,24.9,86,1,90,41.7
2020,10,5,32.8,25,79,2,70,41.8
2020,10,6,33,24,84,2,90,41.7
2020,10,7,32.5,23.9,87,1,90,39.4
2020,10,8,33,24,83,2,90,40.7
2020,10,9,31.5,24,84,1,140,40.9
2020,10,10,34.5,24,84,1,180,39.5
2020,10,11,30.5,23.7,92,3,160,42.2
2020,10,12,31.3,23.6,90,1,90,32.9
2020,10,13,32.7,23,84,2,90,28.3
2020,10,14,32.5,24,87,1,90,34.4
2020,10,15,32.5,24,85,4,40,35.9
2020,10,16,33,22.2,79,3,40,29.7
2020,10,17,29.5,23.7,87,2,90,26.3
2020,10,18,30.7,23,86,1,70,26.3
2020,10,19,34,24.5,80,1,360,27.1
2020,10,20,27.3,23.2,97,1,180,31.1
2020,10,21,31.6,23.8,84,2,110,35
2020,10,22,31.9,24.4,88,2,90,37.6
2020,10,23,33,23.9,85,1,90,38.7
2020,10,24,32.4,23.8,87,1,160,41.1
2020,10,25,32.2,23.2,90,1,360,37.1
2020,10,26,30,23,85,4,70,40.8
2020,10,27,31.8,24.2,81,3,90,38.7
2020,10,28,33.7,22.3,84,1,90,35.7
2020,10,29,31.5,23.6,89,0,0,35.4
2020,10,30,33.6,24,86,2,40,34.1
2020,10,31,32,24.5,64,4,20,35
2020,11,1,27,22.5,78,2,70,36.8
2020,11,2,32,23.5,82,2,90,37.8
2020,11,3,33.8,24.5,79,2,90,38.3
2020,11,4,32.5,24,77,2,90,36.6
2020,11,5,33.2,22.3,78,1,70,34.5
2020,11,6,32.8,23.3,84,1,90,38.1
2020,11,7,31.7,23,86,1,90,36.4
2020,11,8,32,23.9,89,1,70,36.7
2020,11,9,29.7,23.5,85,3,70,38
2020,11,10,32.5,24,82,1,70,38.9
2020,11,11,29,23,86,4,360,36.8
2020,11,12,28.5,20.2,91,5,90,36.8
2020,11,13,32.4,24.2,82,2,90,37.4
2020,11,14,32.4,24.2,84,3,90,36.6
2020,11,15,32.8,23.9,78,2,70,34.8
2020,11,16,32.5,24.8,75,2,40,39.2
2020,11,17,32,24.5,80,3,40,39
2020,11,18,33,23,81,3,40,38.3
2020,11,19,33.4,24.5,75,3,70,33.9
2020,11,20,34.2,25,74,2,360,36.6
2020,11,21,32.2,22.7,78,3,70,36.7
2020,11,22,32.5,20.2,72,1,90,36.6
2020,11,23,32.6,21.1,66,3,90,39.3
2020,11,24,31.9,22,70,3,90,37.5
2020,11,25,32.5,22,74,2,70,37
2020,11,26,33,23.5,73,4,40,34.5
2020,11,27,31.8,24.5,77,3,20,35
2020,11,28,32,23.2,86,2,90,36.9
2020,11,29,32.5,22.6,80,2,70,39.6
2020,11,30,31.4,18.9,69,5,20,38
2020,12,1,32,23,73,2,20,39.1
2020,12,2,33,23.5,82,0,0,36.2
2020,12,3,32.4,18.1,72,3,20,34
2020,12,4,32.7,23.9,68,3,70,28.5
2020,12,5,33.2,23.5,75,2,70,36.6
2020,12,6,34,24,74,3,70,36.9
2020,12,7,30.5,23.4,75,2,70,34.3
2020,12,8,30.1,21.4,80,2,70,33.5
2020,12,9,33.1,24,75,3,90,37.6
2020,12,10,32.4,23.5,88,2,70,38.8
2020,12,11,33,24.4,82,2,90,39
2020,12,12,34,24.5,78,3,90,38
2020,12,13,31.2,23.5,80,3,110,38.9
2020,12,14,32.5,23.5,75,3,70,24.6
2020,12,15,32.2,23.2,77,3,90,22.1
2020,12,16,31.4,22.6,75,3,70,28.3
2020,12,17,32.2,23,70,3,70,31.4
2020,12,18,31.5,22.7,80,2,70,29.1
2020,12,19,26,22.5,87,2,90,31.7
2020,12,20,28.7,21.7,84,4,70,35.3
2020,12,21,29.8,22,82,2,40,34.1
2020,12,22,32.5,23.8,75,3,40,36.1
2020,12,23,31.7,22.6,79,3,70,35.4
2020,12,24,32.8,22.1,87,1,90,33.9
2020,12,25,32.6,24.4,78,2,70,32.8
2020,12,26,32.2,23.6,81,3,70,33
2020,12,27,26.5,22.6,94,1,90,32.4
2020,12,28,31,23,84,2,90,32.6
2020,12,29,33,24.2,79,1,90,32.5
2020,12,30,32,23.5,74,4,20,31.5
2020,12,31,28.5,22.7,60,5,20,32.4
2021,1,1,29.2,22.3,65,3,20,39.8
2021,1,2,30.4,23,68,4,20,38.3
2021,1,3,31.5,24.4,73,3,40,38.4
2021,1,4,31.5,23.4,78,3,40,33.6
2021,1,5,32,23.5,77,4,40,41.4
2021,1,6,31.5,22.2,76,4,70,39.6
2021,1,7,32,20.5,72,4,70,38.3
2021,1,8,30.7,21,73,3,40,40.2
2021,1,9,29.7,20,69,3,20,42.3
2021,1,10,28.8,21.5,67,5,20,37.7
2021,1,11,29.4,21.6,59,4,40,42.6
2021,1,12,29,21.8,61,4,20,41.7
2021,1,13,29.5,22,67,5,40,38.8
2021,1,14,31.3,23,67,4,70,40.4
2021,1,15,32,23,71,4,70,41.4
2021,1,16,31.3,23.5,72,3,90,42
2021,1,17,31.4,23.2,71,3,20,40.3
2021,1,18,30,23.5,67,4,40,40.2
2021,1,19,30,23.5,72,5,70,36.6
2021,1,20,31,23.4,78,3,90,41
2021,1,21,30,23.5,85,3,70,40.1
2021,1,22,32,23.7,80,2,90,41.2
2021,1,23,29.6,22.7,92,1,360,37
2021,1,24,30.8,23.3,82,2,40,30.9
2021,1,25,32,23,81,1,90,31.8
2021,1,26,32.3,23,79,3,70,32.5
2021,1,27,30.6,23.4,78,4,70,36.1
2021,1,28,30,22,76,4,40,38.5
2021,1,29,28.5,21.5,69,6,70,39.5
2021,1,30,28.2,20,67,5,70,39.6
2021,1,31,29.7,20.2,66,5,70,36.2
2021,2,1,29.2,20.7,71,2,90,35.5
2021,2,2,30.5,20.2,72,2,90,37.6
2021,2,3,30.7,22.6,71,4,70,41.9
2021,2,4,30.4,22,67,4,40,39.3
2021,2,5,31,23,74,4,40,30.2
2021,2,6,31.5,22.7,75,4,40,32.5
2021,2,7,31.5,22.2,71,3,90,30.9
2021,2,8,30.6,22.4,71,4,90,33.7
2021,2,9,28.7,22.2,81,3,70,36.9
2021,2,10,29.4,21.3,83,2,70,37.4
2021,2,11,31.2,22.9,83,1,290,36.5
2021,2,12,31.8,22.6,79,1,200,41.8
2021,2,13,29.3,22.6,83,1,70,38.3
2021,2,14,31.1,22.2,76,1,40,38.7
2021,2,15,28.5,22.2,80,3,70,36.3
2021,2,16,30.7,21.8,70,4,70,35.5
2021,2,17,30.8,20.7,81,2,20,35.4
2021,2,18,31.4,20.7,73,3,20,38.4
2021,2,19,28,19,59,5,70,40.4
2021,2,20,29.4,17.4,62,4,70,35.5
2021,2,21,30.5,21.5,65,2,70,39
2021,2,22,30,23.5,76,5,140,42.3
2021,2,23,30.4,23.6,82,3,70,38.4
2021,2,24,31.8,22.5,75,2,70,35.2
2021,2,25,32,21.2,72,1,110,37.5
2021,2,26,31.8,21.8,76,1,180,35.5
2021,2,27,32.2,24,76,2,40,36.9
2021,2,28,32.1,24.9,73,3,70,38.5
2021,3,1,31.5,23,80,2,20,36.5
2021,3,2,33,22.1,80,2,40,36.3
2021,3,3,31,21.2,71,4,70,38.5
2021,3,4,31.5,23,70,4,90,41.4
2021,3,5,31.7,22.4,72,4,90,42.1
2021,3,6,31.3,21.8,75,2,20,41.6
2021,3,7,31.3,22.6,76,3,110,46.3
2021,3,8,32.1,23.3,67,4,70,43.2
2021,3,9,31.1,22,62,4,70,43.1
2021,3,10,31.6,22.1,66,3,40,41.4
2021,3,11,31.2,22,69,3,90,46
2021,3,12,33,23.8,67,3,90,39.8
2021,3,13,31.2,23.3,84,2,70,38.4
2021,3,14,32.5,22.7,72,3,90,42.2
2021,3,15,32.6,24.4,77,2,70,41.9
2021,3,16,33.2,24.9,77,2,90,46.3
2021,3,17,33.2,24.8,80,2,360,45.4
2021,3,18,33.8,24.9,76,2,90,45.4
2021,3,19,33,23.5,82,2,360,39.7
2021,3,20,32.7,24,80,2,70,42.6
2021,3,21,32.8,24.2,78,2,90,43.8
2021,3,22,31.4,23.7,79,2,70,40.9
2021,3,23,31.2,24.2,70,4,90,47.1
2021,3,24,32.2,23.5,69,3,90,41.3
2021,3,25,32.6,23.9,67,3,90,41.4
2021,3,26,33.2,24.7,66,3,90,37.9
2021,3,27,33.5,22.8,74,2,40,39
2021,3,28,34,22.8,72,2,140,34.3
2021,3,29,32.8,21.5,76,1,360,39.1
2021,3,30,34.6,23.3,74,6,360,38.6
2021,3,31,33.7,23,69,3,110,46.5
2021,4,1,33.6,21.8,71,2,140,43.6
2021,4,2,33.2,22.2,70,3,90,42.7
2021,4,3,33.5,22.6,67,3,90,41.6
2021,4,4,33.5,24.5,66,2,90,44.6
2021,4,5,33.5,24.5,70,2,70,40.6
2021,4,6,33.7,23.2,74,2,360,43.1
2021,4,7,33.4,22.8,78,2,20,44.6
2021,4,8,33,23.2,70,2,70,42.6
2021,4,9,32.7,24,68,3,70,42.1
2021,4,10,33.8,23.8,64,3,40,48.5
2021,4,11,33.7,23.1,61,3,40,49.8
2021,4,12,36,23,63,2,90,51.7
2021,4,13,35.5,24.5,68,2,40,45.5
2021,4,14,36.3,24.6,73,1,360,51.5
2021,4,15,34.7,24.7,78,1,160,50.4
2021,4,16,34.3,24.3,69,3,110,47.4
2021,4,17,35.1,24.1,66,2,90,43.7
2021,4,18,35.5,25.3,47,5,20,44.8
2021,4,19,35.7,23.4,56,3,40,43.5
2021,4,20,35.5,24.5,67,1,360,42.6
2021,4,21,33.5,25.5,78,1,360,42.6
2021,4,22,34.4,24.8,79,1,270,45.4
2021,4,23,33.8,22.2,80,1,360,45
2021,4,24,34.9,22.8,73,1,360,43.3
2021,4,25,35.1,24.4,62,1,270,43.5
2021,4,26,33,24.5,68,5,90,45
2021,4,27,34.1,24,65,4,90,49.6
2021,4,28,35.5,24.5,64,2,70,51
2021,4,29,36,24.5,66,2,360,51.7
2021,4,30,38.6,25,66,1,360,43.1
2021,5,1,36.3,23.7,70,1,90,50.4
2021,5,2,36.7,24.4,67,3,90,51
2021,5,3,34.5,25.2,69,4,90,52.7
2021,5,4,35.1,25.9,59,4,70,47
2021,5,5,36,25.6,58,4,90,48
2021,5,6,36,25.5,59,4,40,52
2021,5,7,35.5,25,62,4,70,44.1
2021,5,8,36.6,24.6,69,2,360,44.8
2021,5,9,37.8,25.3,68,2,110,49.2
2021,5,10,36.5,25.1,62,3,70,53.9
2021,5,11,37.5,26.5,61,3,70,46.3
2021,5,12,37,27.1,59,4,70,40.1
2021,5,13,36.1,25.4,55,4,70,47.6
2021,5,14,36.5,26.5,57,4,70,49.4
2021,5,15,36.5,26.5,60,3,90,46.4
2021,5,16,37.3,26.2,57,4,90,46.4
2021,5,17,38.7,24.7,58,3,90,45.6
2021,5,18,33.9,25,71,3,90,50.1
2021,5,19,36.2,24.5,57,4,90,45.2
2021,5,20,37.7,25.9,62,2,90,43.3
2021,5,21,37.2,25.1,63,2,90,48.1
2021,5,22,38.5,25.5,65,2,340,49.2
2021,5,23,39,24.4,70,2,360,45.3
2021,5,24,37.8,24.4,73,1,360,39.5
2021,5,25,37.8,25,73,1,360,44.6
2021,5,26,37.6,26.4,64,1,90,49.7
2021,5,27,38,27.7,62,2,90,49.8
2021,5,28,37.6,27,63,2,90,49.9
2021,5,29,39,26.4,63,2,70,48.1
2021,5,30,37.5,26,73,2,180,51.1
2021,5,31,39,26.5,70,2,90,46
2021,6,1,38.2,26.1,64,2,360,45.4
2021,6,2,36.8,24.1,71,3,90,46.3
2021,6,3,32.2,25,82,2,180,44.8
2021,6,4,35.1,25.1,79,2,160,43.5
2021,6,5,35.4,25.3,74,2,360,49.6
2021,6,6,35.2,25.7,70,1,270,45.5
2021,6,7,37.5,24,75,1,360,43.2
2021,6,8,34,25.5,79,2,360,44.4
2021,6,9,33.4,24.2,84,2,90,41.5
2021,6,10,33.9,24.5,82,1,90,43.7
2021,6,11,32,24.4,86,2,70,46.6
2021,6,12,33.1,25,78,2,140,44.5
2021,6,13,33.4,25,78,2,160,45.2
2021,6,14,34,24,78,1,360,45.8
2021,6,15,34.8,24.5,76,2,360,50.4
2021,6,16,34.5,24.5,75,1,360,46.9
2021,6,17,35.3,24.2,78,1,360,44.1
2021,6,18,35.3,25.8,75,1,360,45
2021,6,19,34.3,24.1,79,1,180,50.4
2021,6,20,32.2,24.6,88,1,360,43.9
2021,6,21,33.2,23,81,1,180,45.3
2021,6,22,33.2,23.8,81,1,180,44.6
2021,6,23,32.5,22.8,81,2,360,42.7
2021,6,24,33.5,24,83,2,360,43.1
2021,6,25,32.8,24,85,1,180,46.6
2021,6,26,34,24,81,1,360,42
2021,6,27,34.1,25,78,1,70,44.1
2021,6,28,34.6,24.8,77,1,40,42.8
2021,6,29,34.5,26.1,75,1,360,42.8
2021,6,30,35,26,74,1,360,34.6
2021,7,1,35.5,25,80,1,360,45.3
2021,7,2,35.5,25,79,1,180,49.1
2021,7,3,31.2,24.7,91,1,360,42.6
2021,7,4,31,25.1,82,2,90,42.7
2021,7,5,33.3,25.4,78,3,90,40.9
2021,7,6,33.5,23.7,81,1,360,41.2
2021,7,7,33.9,24.3,74,2,90,37
2021,7,8,33.8,25.6,73,2,40,36.1
2021,7,9,32.8,25.2,75,3,160,33.9
2021,7,10,33,25.5,70,3,180,37.4
2021,7,11,33.1,25.6,80,2,90,37.4
2021,7,12,34.3,25.2,75,2,110,39.7
2021,7,13,33.6,25,82,2,340,48.3
2021,7,14,34.2,24.6,82,1,180,43.8
2021,7,15,34.2,25,77,1,360,48.9
2021,7,16,33,25,82,2,180,49.6
2021,7,17,34.4,24.5,82,1,360,50.1
2021,7,18,31.5,25,85,3,180,43
2021,7,19,31.4,24.4,90,1,180,44.7
2021,7,20,29.4,24.2,93,1,360,45.5
2021,7,21,29.4,24,91,1,180,46
2021,7,22,27.6,24.3,94,2,180,49.4
2021,7,23,28.2,24.1,94,1,180,45.6
2021,7,24,28.1,24.7,93,2,180,45.3
2021,7,25,29,24,93,1,360,48.7
2021,7,26,33,25.2,81,1,360,46.3
2021,7,27,33.2,24.2,83,1,360,51.1
2021,7,28,29.7,24.2,95,1,180,50.5
2021,7,29,28.4,24.4,93,2,90,43.5
2021,7,30,31.4,25.6,88,1,180,47.5
2021,7,31,33.2,26,87,2,180,40
2021,8,1,31.7,24.7,89,2,180,34.1
2021,8,2,32,25.2,88,2,180,42
2021,8,3,32.5,25.5,83,2,200,47.7
2021,8,4,31.7,24.8,87,2,180,49.4
2021,8,5,31.7,24.8,91,1,180,46.8
2021,8,6,32,25.7,86,1,360,46.8
2021,8,7,33,26,85,1,360,41.9
2021,8,8,32.5,23.3,94,1,180,37.7
2021,8,9,32,24,89,1,180,33.2
2021,8,10,33,23,87,2,360,37.4
2021,8,11,30.6,23.5,90,1,180,40.9
2021,8,12,30.2,24.3,90,1,360,36.3
2021,8,13,32.7,23,89,1,360,29.2
2021,8,14,33.1,23.5,85,2,140,31.7
2021,8,15,29.4,23.9,92,1,340,39.2
2021,8,16,32.6,24.1,82,2,180,38.2
2021,8,17,32.5,25.2,80,2,180,40.2
2021,8,18,33.5,23.5,83,1,360,41.9
2021,8,19,33.5,24,86,2,360,41.6
2021,8,20,32.4,23.2,86,1,360,45.4
2021,8,21,31.7,23.3,88,1,180,44
2021,8,22,32.8,23.5,86,1,360,42.3
2021,8,23,32.5,23.8,83,2,70,39.5
2021,8,24,32.3,23.6,84,1,360,40.9
2021,8,25,31,23.6,81,1,360,40.9
2021,8,26,31.5,24,77,3,40,37.1
2021,8,27,30.8,24,83,3,70,41.9
2021,8,28,33.7,23.8,82,1,70,32.5
2021,8,29,31.9,23.5,89,1,360,32.5
2021,8,30,33,23.7,87,1,360,40.2
2021,8,31,32.5,24,83,2,90,46.4
2021,9,1,31.5,22.8,88,2,70,38.6
2021,9,2,32.2,23.9,85,1,360,44.4
2021,9,3,32.5,24.5,86,1,360,41.8
2021,9,4,31.5,24.5,84,1,360,31
2021,9,5,31.7,23.7,88,1,360,38.3
2021,9,6,33.2,23.4,84,1,360,45.3
2021,9,7,31.8,23.9,89,1,360,44.9
2021,9,8,26.8,23.4,94,1,40,46.1
2021,9,9,33.3,25.1,85,2,160,40.6
2021,9,10,31.8,24,84,2,180,47.8
2021,9,11,27.5,24,94,2,360,43.9
2021,9,12,28,23,95,2,180,47
2021,9,13,32.3,24,87,1,360,38.3
2021,9,14,33.7,23.8,83,1,360,37.7
2021,9,15,34.2,23.6,83,1,360,45.3
2021,9,16,33.1,23.8,86,1,360,40.5
2021,9,17,32.6,24.7,77,2,110,43.8
2021,9,18,33.2,24.9,75,3,90,43.1
2021,9,19,32,23,89,2,70,43.9
2021,9,20,31.5,24.5,90,1,360,39.2
2021,9,21,33,24,86,2,90,37.4
2021,9,22,33.3,24,80,2,90,40.9
2021,9,23,34,22.7,78,1,360,44.1
2021,9,24,33.4,24.7,71,3,40,43.9
2021,9,25,33.8,24,77,1,360,44.1
2021,9,26,34.5,24.5,80,1,360,45.5
2021,9,27,34.5,24,86,1,90,39.2
2021,9,28,34.5,24.5,82,1,360,36.4
2021,9,29,34,24,81,1,360,37.4
2021,9,30,34,23.8,81,1,360,40.2
2021,10,1,34,25.1,77,1,40,44.8
2021,10,2,33.8,23.9,86,2,360,44.9
2021,10,3,33.4,24.4,77,2,90,43
2021,10,4,30.1,24.7,83,2,40,41.7
2021,10,5,29,23.5,87,2,40,36.5
2021,10,6,31.5,24.5,84,2,40,45.7
2021,10,7,31.2,24.2,86,1,360,33.2
2021,10,8,32.2,24.2,85,1,110,37.7
2021,10,9,34.2,24.3,82,1,360,39.6
2021,10,10,33.7,23.5,83,2,70,40.3
2021,10,11,28.7,22.5,93,2,180,41.6
2021,10,12,29.6,23.3,90,2,140,39.2
2021,10,13,32,24.5,85,1,180,41.9
2021,10,14,31.7,24,87,1,360,42.5
2021,10,15,32.2,23.8,89,2,90,36.2
2021,10,16,32.8,24,78,3,70,28
2021,10,17,33,24.5,76,3,70,35.6
2021,10,18,33.2,24.6,72,3,40,42.8
2021,10,19,33.5,24.5,73,4,40,37
2021,10,20,33.5,24.6,72,3,40,38.8
2021,10,21,33.8,23,83,1,360,42.7
2021,10,22,34.5,24,77,2,360,47.4
2021,10,23,33.4,24.2,75,3,90,44.5
2021,10,24,30.6,23.7,85,2,70,48
2021,10,25,32.7,22.8,73,3,70,40.5
2021,10,26,33.4,24.3,67,4,70,43.5
2021,10,27,34.1,24.8,64,3,90,44.8
2021,10,28,33.2,23.9,65,4,40,45.5
2021,10,29,33.5,23.5,65,5,40,46.1
2021,10,30,35,23.5,72,4,40,44.2
2021,10,31,33.3,23.5,68,3,90,42.7
2021,11,1,33.5,24.2,73,2,40,40.6
2021,11,2,33.2,23,67,3,70,39.1
2021,11,3,34,24,65,4,70,42.3
2021,11,4,34,23.6,67,3,70,37.6
2021,11,5,34.3,25,74,4,70,44.4
2021,11,6,35,24.5,77,3,90,41.2
2021,11,7,34,24.5,71,3,40,39.6
2021,11,8,30.7,23.2,85,3,40,37.2
2021,11,9,33.5,23.2,68,3,90,36.2
2021,11,10,33.6,24.9,69,2,70,38
2021,11,11,33.8,24.2,68,3,70,41.3
2021,11,12,34.2,25.3,65,4,70,41.2
2021,11,13,34,23.8,66,3,40,38.6
2021,11,14,35,25.5,70,3,40,38.8
2021,11,15,33.5,24.5,73,3,40,41.1
2021,11,16,33.8,24.6,71,3,70,37.4
2021,11,17,34.2,23.8,75,3,90,42.4
2021,11,18,34.3,23.9,76,2,360,40.5
2021,11,19,35,24,70,2,70,34.8
2021,11,20,34.7,25.5,61,3,70,38.3
2021,11,21,33.6,23.4,75,2,90,40.4
2021,11,22,35,23.5,80,2,40,39.5
2021,11,23,34,25,76,4,40,42.1
2021,11,24,33.2,24.7,76,3,70,35.6
2021,11,25,32.9,24.1,85,2,70,34.3
2021,11,26,31.8,25.2,78,4,40,28.1
2021,11,27,32.3,24.4,76,4,90,41
2021,11,28,32.9,24.8,68,3,90,44.1
2021,11,29,34.6,24.5,70,2,110,41
2021,11,30,34.5,24.2,71,1,360,36.8
2021,12,1,33.5,23,59,5,40,42.8
2021,12,2,31.2,22.2,64,4,20,41.4
2021,12,3,30.8,22.2,62,4,70,40
2021,12,4,30.7,21.8,62,6,70,40.5
2021,12,5,30.5,21.8,60,5,70,38.4
2021,12,6,31.6,22.2,61,3,70,39.2
2021,12,7,32,22.9,61,5,40,39.6
2021,12,8,32,22,54,5,70,39.7
2021,12,9,32,22.5,56,5,40,38.5
2021,12,10,31.6,23.1,64,4,70,41.2
2021,12,11,32.8,23.2,68,4,90,42.5
2021,12,12,33.1,24.1,68,4,70,37.7
2021,12,13,32.2,23.3,64,5,40,37.1
2021,12,14,31.4,22.3,61,5,70,35.8
2021,12,15,32.1,22.6,63,4,70,31.6
2021,12,16,33.8,24,62,4,360,30.4
2021,12,17,34.4,24,66,4,70,32.6
2021,12,18,30.2,23.3,78,2,70,33.8
2021,12,19,27.3,22.4,85,3,70,39.5
2021,12,20,32.6,23.8,74,3,70,37.5
2021,12,21,34,23.5,76,2,90,40
2021,12,22,33.3,22.7,83,1,340,38.2
2021,12,23,33.5,23,75,2,110,40.4
2021,12,24,33.8,23.5,71,3,70,40.4
2021,12,25,33.5,23,69,4,40,37.2
2021,12,26,30.8,23.2,73,4,70,36.9
2021,12,27,29.4,22.2,68,5,70,38
2021,12,28,29.2,22,70,6,70,40.7
2021,12,29,30,22,67,5,70,39.7
2021,12,30,31,22.5,63,5,70,38.5
2021,12,31,29.5,22.4,63,5,70,37.9
2022,1,1,29.5,21.5,67,4,70,34.3
2022,1,2,30,22,62,5,70,37.1
2022,1,3,29.6,21.8,83,5,70,38
2022,1,4,29.7,22.3,98,4,70,37.5
2022,1,5,30.2,22.1,73,3,70,38.3
2022,1,6,30.2,22.2,69,4,70,39.4
2022,1,7,30.9,22.6,64,3,70,34.5
2022,1,8,31,22.6,69,2,70,38
2022,1,9,33,21.5,72,2,70,36.5
2022,1,10,32.5,21.5,75,1,180,33.7
2022,1,11,31,20.1,79,1,40,33.1
2022,1,12,30.3,21.2,78,2,40,34.5
2022,1,13,31.4,21.4,69,3,90,37.9
2022,1,14,29.4,20.7,68,5,70,41
2022,1,15,27.7,20.7,71,4,70,34.8
2022,1,16,29.4,20.5,67,4,90,35.5
2022,1,17,29.8,19.6,62,4,70,32.8
2022,1,18,30,22,62,3,90,33
2022,1,19,29.8,22.1,76,3,70,34.4
2022,1,20,29.3,22.8,77,4,90,35.4
2022,1,21,30.6,22.9,73,4,70,33.4
2022,1,22,30.2,23,78,3,70,38.7
2022,1,23,31.3,21.9,77,2,90,31.1
2022,1,24,32.7,23.3,72,2,70,32.7
2022,1,25,31.5,23,70,4,40,32.7
2022,1,26,32,23.5,74,4,70,33.4
2022,1,27,31.2,23.6,83,3,90,35.8
2022,1,28,32.4,22.7,88,2,90,30.4
2022,1,29,32.2,23.5,82,2,180,33.6
2022,1,30,30.2,22.5,87,2,40,42.6
2022,1,31,30.7,22,70,4,70,37.4
2022,2,1,30,21.9,70,4,70,40.3
2022,2,2,30.5,22,67,5,70,34.8
2022,2,3,31,22,74,2,90,36.6
2022,2,4,31.8,22.4,78,3,160,31.9
2022,2,5,30.8,22.2,78,4,70,35.5
2022,2,6,29,23.5,78,5,70,36.3
2022,2,7,29.4,23.8,74,5,70,39.5
2022,2,8,31,23,76,2,70,37.4
2022,2,9,31,22.8,73,3,110,37.5
2022,2,10,30.5,22.5,72,5,40,34.3
2022,2,11,29.5,22.5,72,5,70,31
2022,2,12,31.2,22,75,4,90,31.2
2022,2,13,30.2,23,85,3,90,30.9
2022,2,14,31.2,23.4,85,1,90,28.3
2022,2,15,32,23.2,75,3,70,29.6
2022,2,16,31.5,22.9,73,4,70,32.9
2022,2,17,30,23.5,72,3,70,33.7
2022,2,18,32,22,75,2,70,37.4
2022,2,19,32.5,22,79,2,90,30.9
2022,2,20,31,23.2,82,3,90,37.4
2022,2,21,31.4,23.2,81,3,70,39.8
2022,2,22,28.2,23.5,83,3,70,36.9
2022,2,23,29.6,22.6,77,3,90,42.4
2022,2,24,31.4,23.1,73,3,110,37.7
2022,2,25,29.9,23,74,4,70,39.3
2022,2,26,30.5,22,73,4,70,40.1
2022,2,27,31.5,23,71,5,90,38.2
2022,2,28,30.4,22.2,69,6,90,34.9
2022,3,1,31,20.8,79,4,90,41.2
2022,3,2,32.1,23,70,3,90,37
2022,3,3,31.8,22.6,68,4,70,39.5
2022,3,4,32.5,22.7,75,3,70,35.8
2022,3,5,32.9,22.9,73,2,180,37.5
2022,3,6,32,22,73,5,90,39
2022,3,7,32.5,22.5,74,3,180,36.6
2022,3,8,33.1,21.8,85,3,40,37.9
2022,3,9,30.7,21.4,71,5,70,37.4
2022,3,10,31.1,23.5,71,4,70,40.8
2022,3,11,30.8,24,77,3,70,42.2
2022,3,12,33.5,24.1,72,4,70,41.2
2022,3,13,32.4,23.9,71,4,70,41.6
2022,3,14,32,24,82,2,140,44.4
2022,3,15,33.5,24.5,79,2,90,41.4
2022,3,16,33.7,24.8,85,3,90,36.9
2022,3,17,34.2,23.2,87,2,110,36.5
2022,3,18,34,23.9,89,1,270,35.9
2022,3,19,34.2,24.5,87,2,180,35.1
2022,3,20,33.2,24.7,77,3,90,38.4
2022,3,21,32.9,23.6,73,3,110,36.7
2022,3,22,35,24.5,73,3,90,44.7
2022,3,23,35.5,24.5,72,3,70,43.6
2022,3,24,33.5,24.5,78,4,70,43.7
2022,3,25,33.2,24.2,84,2,70,44.2
2022,3,26,33.7,24.8,81,2,180,47.3
2022,3,27,33,23.7,73,3,110,41.2
2022,3,28,33,25.5,66,4,70,35.5
2022,3,29,33,24.6,65,5,70,41.9
2022,3,30,33,25,66,4,90,41.6
2022,3,31,33,24.5,68,3,90,41.2
2022,4,1,33.3,23.8,76,3,90,39.5
2022,4,2,32.3,22.8,78,3,90,38.9
2022,4,3,32.1,23.6,81,3,90,33.2
2022,4,4,32.5,23.5,72,3,70,35.4
2022,4,5,32.2,24.4,72,3,110,39.5
2022,4,6,32.9,24.2,75,3,110,44
2022,4,7,34,24,70,2,40,39.6
2022,4,8,34,24.5,76,4,70,49.1
2022,4,9,33.4,23.1,75,3,70,41
2022,4,10,32.3,22.5,85,2,90,44.6
2022,4,11,33.4,23.3,78,2,360,45.4
2022,4,12,34.4,23.8,77,2,90,49.8
2022,4,13,34.5,24.2,75,1,270,43.8
2022,4,14,35.3,23.9,73,1,270,44.4
2022,4,15,35,23.5,72,3,90,42.2
2022,4,16,32,23,79,5,90,39.5
2022,4,17,32.1,23.7,78,2,90,41.5
2022,4,18,33.2,23.3,78,2,90,46.3
2022,4,19,33.3,25,64,4,70,46.2
2022,4,20,34,23.1,68,4,90,44.1
2022,4,21,36.2,24.9,67,2,180,46.5
2022,4,22,34.9,24.5,70,4,70,45
2022,4,23,35.5,23.5,67,3,90,50.4
2022,4,24,36,26,63,4,40,47
2022,4,25,35,25,79,2,90,46.6
2022,4,26,35.4,25.2,76,3,70,49.1
2022,4,27,34.3,24.5,75,4,90,47.8
2022,4,28,34.1,25.6,68,5,90,45.7
2022,4,29,34.6,24.9,70,3,70,46.4
2022,4,30,36.4,24.5,68,3,90,40.1
2022,5,1,36,24.5,64,3,140,48.1
2022,5,2,36.4,24.5,67,2,90,46.3
2022,5,3,36,24.7,76,2,360,49.6
2022,5,4,35.7,24.4,80,2,90,47.9
2022,5,5,36.1,24.9,66,2,90,46.7
2022,5,6,37.6,24.8,58,3,90,43.5
2022,5,7,36.9,25.6,72,3,70,44.6
2022,5,8,35.8,25.6,60,4,90,44.6
2022,5,9,36.5,24.5,57,4,40,47.5
2022,5,10,36.5,25.5,59,3,90,47.6
2022,5,11,36.9,25.4,72,1,70,47
2022,5,12,36.8,25,83,2,90,47.4
2022,5,13,37.1,25.5,71,2,180,47.5
2022,5,14,37.9,25,72,2,70,49.4
2022,5,15,35.7,24.2,80,1,70,47.2
2022,5,16,35.6,24.1,80,1,110,46.7
2022,5,17,34.5,24,88,2,180,43.5
2022,5,18,34,23.5,86,2,70,44.4
2022,5,19,33.4,23.7,86,1,90,47.6
2022,5,20,33.6,23.2,91,1,180,46.3
2022,5,21,32.1,24.1,84,1,180,44.9
2022,5,22,34,24.7,79,2,160,45.4
2022,5,23,33.5,24.5,80,2,40,45.6
2022,5,24,35,25.5,72,2,90,41.5
2022,5,25,35.4,24.9,77,1,160,44.7
2022,5,26,34.8,25.2,76,1,140,48.7
2022,5,27,35.7,25,80,1,160,45.6
2022,5,28,33.8,24.2,93,1,20,46.3
2022,5,29,34.2,25.1,76,1,90,46.6
2022,5,30,35,25.3,73,2,40,46.8
2022,5,31,33,25,75,3,90,45.4
2022,6,1,32,24,79,2,160,45.7
2022,6,2,34.9,25.1,74,2,90,42.5
2022,6,3,35.4,25.3,72,1,180,43.4
2022,6,4,35.6,25,83,1,180,47.8
2022,6,5,35.7,23.6,86,1,90,45.8
2022,6,6,35.7,24.5,74,2,70,48.2
2022,6,7,35.7,21,69,2,270,42.4
2022,6,8,34.8,23.5,86,1,320,46.8
2022,6,9,34.7,24.5,76,2,20,45.8
2022,6,10,35,25.4,71,2,110,34
2022,6,11,35.5,24.8,70,1,70,42.6
2022,6,12,34.8,25.2,85,1,360,49.1
2022,6,13,35,23.3,80,1,90,46.1
2022,6,14,34.1,24.9,80,1,90,47.9
2022,6,15,34,25.3,79,1,90,49.6
2022,6,16,35,25,75,1,70,46.6
2022,6,17,36,26,70,1,110,46.6
2022,6,18,34.9,24.8,73,1,90,45.6
2022,6,19,33.4,23.9,83,1,110,42.8
2022,6,20,34.9,23.8,81,1,180,46.4
2022,6,21,33.7,23.6,77,1,90,48.9
2022,6,22,34.5,23.5,71,1,90,45.5
2022,6,23,32,24.5,79,3,90,42.3
2022,6,24,32,24.5,78,3,90,45.5
2022,6,25,35.5,24.8,74,2,140,48.6
2022,6,26,32.3,24.1,87,3,20,46.6
2022,6,27,33.5,24.9,84,2,110,44.6
2022,6,28,32.2,24.2,83,2,70,43.9
2022,6,29,32.3,24.3,81,2,70,44.5
2022,6,30,33,24.8,82,2,160,46.8
2022,7,1,31,24.5,88,2,40,44.9
2022,7,2,32.5,24.5,82,2,90,44.9
2022,7,3,31.4,23.6,80,1,90,41.4
2022,7,4,34.8,23.5,78,2,200,41.3
2022,7,5,32.4,23.7,83,1,160,42.8
2022,7,6,33.4,24.4,85,1,90,44.4
2022,7,7,30.3,24.4,92,1,160,44.4
2022,7,8,29.6,24.5,87,2,90,41.9
2022,7,9,33.8,26,76,2,110,42.2
2022,7,10,34.5,25.5,74,2,70,43.7
2022,7,11,34.2,26,78,2,90,35.6
2022,7,12,30.3,24.4,87,1,180,42.3
2022,7,13,30.9,25.1,89,2,70,41.7
2022,7,14,34.2,26,73,1,90,44.6
2022,7,15,34.2,26,76,1,180,40.8
2022,7,16,34.7,24.2,82,1,180,41.7
2022,7,17,33.6,24.1,85,1,180,44.2
2022,7,18,32.5,25,89,1,110,41.5
2022,7,19,34,26,74,3,90,34.6
2022,7,20,32.9,25.2,76,2,140,38.5
2022,7,21,29.8,24.9,89,2,20,38.3
2022,7,22,33.2,24.1,75,2,160,39.8
2022,7,23,35,25.3,78,1,180,44.6
2022,7,24,35,25,79,1,160,44.9
2022,7,25,34.6,24.2,81,1,110,43.1
2022,7,26,33.5,24.5,80,1,160,30.6
2022,7,27,34,24,84,1,180,36.4
2022,7,28,33.1,24.4,84,1,180,38.3
2022,7,29,34.5,25.3,83,1,140,39.9
2022,7,30,33.7,22.7,86,1,160,39.8
2022,7,31,31.2,23.8,88,2,160,45.3
2022,8,1,32.8,24,84,1,180,41.3
2022,8,2,32.8,24.4,84,1,140,37.4
2022,8,3,33,25,80,2,90,41
2022,8,4,34,24.5,84,1,180,43.2
2022,8,5,30.5,24.3,91,1,160,38.3
2022,8,6,30.4,23.7,91,2,70,45.3
2022,8,7,30,23.6,87,1,180,46.7
2022,8,8,26.8,23,90,1,70,44.8
2022,8,9,30.9,23.9,84,1,70,44.5
2022,8,10,32.6,23.2,83,1,180,45
2022,8,11,33.5,23,86,1,180,46.3
2022,8,12,34,25,78,1,70,46.3
2022,8,13,32,23.2,89,1,340,44.6
2022,8,14,32.7,23.8,87,1,40,43.9
2022,8,15,32,23.4,88,1,160,47.8
2022,8,16,32,23.2,86,1,20,48.3
2022,8,17,31.6,22.8,88,1,180,48.7
2022,8,18,30.3,24.1,87,1,90,47.2
2022,8,19,33.5,23,82,1,140,44
2022,8,20,34.5,23.5,82,1,160,41.3
2022,8,21,32.6,24.6,84,1,320,37.7
2022,8,22,30.9,23.2,84,2,270,37.1
2022,8,23,26.3,23.2,97,4,180,37.7
2022,8,24,30.3,23.6,86,2,160,38.6
2022,8,25,34.2,24.2,78,1,90,37.1
2022,8,26,34.4,24.2,84,1,360,36
2022,8,27,32.5,24.5,84,1,140,42.8
2022,8,28,34,24.5,84,2,180,45.3
2022,8,29,33.2,24.2,84,1,20,40.2
2022,8,30,33.7,25,86,1,160,44.4
2022,8,31,31.7,24.7,89,1,160,40.9
2022,9,1,33.5,24.6,87,1,180,42.2
2022,9,2,30.5,22.7,94,1,180,43
2022,9,3,29.5,23.3,92,1,180,44.1
2022,9,4,30.5,24.5,91,1,180,42
2022,9,5,32.5,24,88,2,180,31
2022,9,6,33.4,24.3,81,1,110,39.5
2022,9,7,34.5,24.7,83,1,140,41.7
2022,9,8,34.7,25,81,1,270,45.6
2022,9,9,33.7,23.9,87,1,110,48.2
2022,9,10,31.9,23.8,89,1,160,46.3
2022,9,11,32.7,22.8,87,1,180,35.7
2022,9,12,33,23.5,85,2,290,35
2022,9,13,33,24.5,82,1,320,40.7
2022,9,14,33.7,24.5,82,1,180,44.1
2022,9,15,32.5,24.6,82,2,180,41.3
2022,9,16,33.2,23.8,83,1,180,42.6
2022,9,17,32.7,23.1,86,1,180,44.7
2022,9,18,32.6,23.7,84,1,90,46.1
2022,9,19,31.8,24,91,1,160,44.4
2022,9,20,32.5,23.5,84,1,180,41
2022,9,21,32.5,24.5,81,1,180,49.9
2022,9,22,32.5,23,87,1,180,45
2022,9,23,32.7,23,86,1,290,34.5
2022,9,24,32.5,24.6,80,1,180,45.6
2022,9,25,28.3,23.3,91,3,320,43
2022,9,26,30.9,24,87,3,180,30.1
2022,9,27,32.7,23.9,81,3,110,42.8
2022,9,28,32.5,25,85,1,40,40.2
2022,9,29,32.5,24,88,2,70,37
2022,9,30,31.5,23.5,83,2,40,38.8
2022,10,1,33.3,24.7,74,3,70,41.6
2022,10,2,28.6,24.3,81,2,70,42.3
2022,10,3,30.2,23.6,81,3,70,42.4
2022,10,4,33.7,23.2,81,2,160,43.5
2022,10,5,33.8,24.7,71,3,270,36.1
2022,10,6,34,24.5,72,3,20,44.1
2022,10,7,34.5,24.5,71,4,90,41.8
2022,10,8,33.5,23.7,72,2,70,36.6
2022,10,9,34.5,22.5,68,1,70,37.1
2022,10,10,34.8,22.7,71,1,180,39.9
2022,10,11,33.6,23.4,78,1,340,39.6
2022,10,12,34.6,23.5,79,2,70,41.9
2022,10,13,33.8,25,75,2,90,38.1
2022,10,14,34.8,24.5,77,2,270,31.8
2022,10,15,33,24.5,78,3,250,40
2022,10,16,30.5,23.5,88,1,220,42.6
2022,10,17,33.2,24.5,80,2,160,45.1
2022,10,18,34.5,23.8,80,1,70,43.7
2022,10,19,32.3,23.8,84,1,90,41.2
2022,10,20,31.5,23.8,88,1,90,41.9
2022,10,21,31.5,24.2,85,1,70,42.2
2022,10,22,36.8,24.5,74,1,40,42
2022,10,23,34,24.5,75,1,70,41.5
2022,10,24,34,24.6,76,2,70,37
2022,10,25,28.8,24,85,2,360,36
2022,10,26,32.4,23.8,60,4,360,39.2
2022,10,27,33.7,22.9,64,2,20,39.9
2022,10,28,31.7,23.8,77,1,20,42.4
2022,10,29,28,23,91,3,360,45
2022,10,30,29,24.9,82,4,90,40.9
2022,10,31,30.8,24.5,84,3,140,36
2022,11,1,30,23.3,91,2,110,33.7
2022,11,2,33,23.2,79,1,110,27.4
2022,11,3,32.7,22.3,83,1,340,39.6
2022,11,4,32.8,22.7,81,1,340,38.6
2022,11,5,33.3,23.5,72,3,70,27.3
2022,11,6,33.6,23.8,71,2,70,38.5
2022,11,7,34.5,25,71,4,70,37.6
2022,11,8,29.5,23,79,4,70,40.6
2022,11,9,32.9,24.2,76,2,110,36
2022,11,10,33.8,25,71,1,90,43
2022,11,11,33.1,24.2,74,3,70,40
2022,11,12,33.5,24.9,78,2,70,41
2022,11,13,33.8,24.9,71,2,90,40.4
2022,11,14,33.4,24.4,70,3,90,42.6
2022,11,15,33.5,24.5,71,4,90,42.5
2022,11,16,33,22,74,4,90,39.7
2022,11,17,32.6,23.6,73,2,70,40.6
2022,11,18,32.7,23.4,74,2,70,42.2
2022,11,19,32.2,23.4,79,2,70,43
2022,11,20,31,23.2,76,3,90,38.4
2022,11,21,30.5,24.2,78,3,90,42.1
2022,11,22,31.8,23.7,81,3,90,39.6
2022,11,23,31.6,24.7,79,2,110,36.4
2022,11,24,33,23.3,72,3,70,40.3
2022,11,25,32.6,21.7,68,2,70,36.5
2022,11,26,34.1,21.8,68,2,40,38.7
2022,11,27,33.2,22.5,68,3,90,39.4
2022,11,28,33.7,24.3,69,3,40,40.5
2022,11,29,33.5,24.5,76,3,70,43.5
2022,11,30,34.5,24.5,70,4,70,36.7
2022,12,1,33.5,24.2,70,4,70,39.4
2022,12,2,33.5,24.5,67,3,70,38.6
2022,12,3,32.8,23.4,73,3,70,42
2022,12,4,32.5,23.2,77,2,70,42.3
2022,12,5,32.4,23,75,2,90,37.5
2022,12,6,33.4,23.9,72,3,70,37.8
2022,12,7,32,23.7,76,2,40,39
2022,12,8,33.5,23.2,73,2,40,38.2
2022,12,9,32.5,23.2,79,1,90,43.8
2022,12,10,32,22,80,1,320,43.4
2022,12,11,29.8,22.9,84,1,290,40.1
2022,12,12,33.4,22.4,75,1,20,36.7
2022,12,13,32,24.4,74,3,70,37.4
2022,12,14,32.1,24.7,73,3,70,35.1
2022,12,15,31,24,74,3,40,30.8
2022,12,16,33.1,24.2,69,4,70,32.9
2022,12,17,34.5,24,68,4,70,31.4
2022,12,18,32,24,57,5,20,27.3
2022,12,19,30.4,23.9,64,4,70,35.8
2022,12,20,31.5,22.6,70,3,70,36.7
2022,12,21,32.8,21.2,76,1,290,33.4
2022,12,22,31.1,22.5,70,3,40,36.2
2022,12,23,29,22,62,5,40,36.4
2022,12,24,27.8,21.2,58,6,20,39.2
2022,12,25,28.3,21,58,5,40,38.5
2022,12,26,27,21.4,60,5,70,34.3
2022,12,27,28.3,21.8,62,4,40,32
2022,12,28,29.4,23.4,65,4,70,35.3
2022,12,29,30.6,22.7,71,2,20,36.8
2022,12,30,31.7,23.5,60,5,40,36.4
2022,12,31,31.6,23,67,4,70,34.7
2023,1,1,32.7,23.4,71,4,70,33.1
2023,1,2,32,24,71,4,40,30.9
2023,1,3,31.5,23.5,75,4,20,32.4
2023,1,4,30.4,23.7,72,3,40,35.8
2023,1,5,28.3,22.1,83,2,70,40.5
2023,1,6,25.8,21.2,87,3,40,37.9
2023,1,7,28.2,21,71,5,70,39.7
2023,1,8,29,20.6,65,5,70,40.4
2023,1,9,31,22,66,4,40,42.4
2023,1,10,31,21.5,64,4,90,38.8
2023,1,11,31.5,22,67,4,40,35
2023,1,12,30.1,20.6,72,3,70,30.2
2023,1,13,30.3,21.5,74,2,90,29.6
2023,1,14,31.5,22.2,78,2,180,32.4
2023,1,15,29.8,22.8,81,1,270,36.1
2023,1,16,31,23.5,68,3,90,35.9
2023,1,17,31.4,23.7,70,4,70,29.3
2023,1,18,30,23,74,4,90,38.2
2023,1,19,30.5,23.5,71,5,70,34.5
2023,1,20,29.4,22.9,72,4,90,36.4
2023,1,21,30.1,23.4,68,4,70,37.7
2023,1,22,30.2,22.3,72,4,40,38.9
2023,1,23,31.7,21.3,73,2,90,36.8
2023,1,24,33.4,22.2,62,3,20,38.2
2023,1,25,29,20.6,67,6,70,39.3
2023,1,26,30.5,21,66,5,70,39.7
2023,1,27,30,23.5,63,4,360,32.6
2023,1,28,29.4,21,60,4,70,31.3
2023,1,29,29.4,21.2,64,4,70,35.4
2023,1,30,31.1,20.8,67,5,70,34.3
2023,1,31,28.5,21.5,67,6,70,37.8
2023,2,1,31.2,22.8,70,3,70,40.2
2023,2,2,31.9,23.5,71,3,70,37
2023,2,3,31.5,22.5,73,4,90,33.3
2023,2,4,30.5,22,67,4,70,34.9
2023,2,5,30.5,22.6,71,4,70,33.9
2023,2,6,30.4,22.9,76,2,70,33.4
2023,2,7,31.7,23.8,72,3,70,34.3
2023,2,8,30.2,21.3,77,3,70,33.8
2023,2,9,30,20.7,68,4,90,35.2
2023,2,10,30.8,21.2,69,2,110,39.4
2023,2,11,31.5,22,67,4,70,37.9
2023,2,12,32,21.5,69,4,70,37.6
2023,2,13,31.7,20.2,76,1,160,33.4
2023,2,14,32,20.1,74,1,40,35
2023,2,15,30.4,21.6,68,3,70,39.7
2023,2,16,30.4,19.9,65,5,70,43.3
2023,2,17,30,21,62,4,90,42
2023,2,18,31.5,21.6,72,4,90,39
2023,2,19,29.5,23,80,2,180,40.7
2023,2,20,32.5,23,76,3,180,42.2
2023,2,21,32,23.3,56,3,20,38.2
2023,2,22,32.6,21.5,67,2,270,40.7
2023,2,23,32.7,21.7,76,1,70,36.7
2023,2,24,33,23.4,79,1,200,38.5
2023,2,25,34.5,24.9,63,3,20,38.2
2023,2,26,31.8,23,65,4,40,43.6
2023,2,27,30,21,63,5,70,39.3
2023,2,28,30.5,21.7,64,5,40,40.8
2023,3,1,31.8,21.8,71,3,70,43.8
2023,3,2,31.1,20.2,67,3,70,41.3
2023,3,3,29.8,21.2,68,3,20,40.7
2023,3,4,30.8,21.2,66,4,90,43.5
2023,3,5,31,20.4,60,3,70,40.6
2023,3,6,30.6,20,62,4,90,42.7
2023,3,7,31.5,20.5,64,4,40,39.2
2023,3,8,32.5,21,68,4,40,43.3
2023,3,9,32.1,20.9,70,3,70,38.5
2023,3,10,30.6,20.4,73,3,70,33
2023,3,11,31.4,21.3,67,3,70,31.7
2023,3,12,32.7,21.7,68,2,40,31.9
2023,3,13,29.4,21.1,70,5,70,37.5
2023,3,14,30.9,21,64,4,90,38.3
2023,3,15,32.6,22.8,69,3,110,42.6
2023,3,16,31.8,22.5,61,4,90,41.6
2023,3,17,32.1,22.1,70,3,90,41
2023,3,18,33,22.6,72,3,70,42
2023,3,19,32.3,22.3,74,3,110,43.3
2023,3,20,32.7,21.3,76,2,90,38.4
2023,3,21,33,21.5,71,2,90,40.5
2023,3,22,34,21.5,74,4,90,31.9
2023,3,23,34.5,20,70,3,90,35.7
2023,3,24,34.5,25,67,2,40,42.9
2023,3,25,33,23.4,70,3,110,35.2
2023,3,26,34.2,24,72,3,110,37.3
2023,3,27,33.4,23.5,69,3,90,34.8
2023,3,28,33.3,24.2,67,3,70,38.8
2023,3,29,32.8,23.9,70,3,90,40.3
2023,3,30,34.5,23.1,68,2,90,41.6
2023,3,31,35,23.4,73,2,180,38.8
2023,4,1,36,23.5,73,2,180,41.1
2023,4,2,34.6,23.4,79,2,70,38.8
2023,4,3,34.3,24,72,3,70,40.1
2023,4,4,33,23.1,69,4,70,39.6
2023,4,5,32.8,22.7,67,3,90,37.1
2023,4,6,35,23.5,69,3,90,42.2
2023,4,7,35,23.5,75,2,90,44.6
2023,4,8,35,24,60,4,40,39.5
2023,4,9,35,20,61,4,90,44.3
2023,4,10,34.8,23.3,66,2,110,47.1
2023,4,11,33.9,23.8,72,1,70,49.6
2023,4,12,33.3,24.8,74,1,180,42.3
2023,4,13,33.7,22.4,79,1,40,40.7
2023,4,14,32.4,24.4,83,1,140,46.7
2023,4,15,34.4,26,72,1,160,46.4
2023,4,16,35.6,24.4,72,1,270,42.5
2023,4,17,35.4,24.5,73,2,110,42.4
2023,4,18,35.5,24.9,68,2,110,50.4
2023,4,19,35.9,25.1,69,1,70,44
2023,4,20,35.9,25,71,1,180,40.6
2023,4,21,36.1,24.5,68,1,160,46.9
2023,4,22,36.8,26,69,2,180,43.2
2023,4,23,37.2,26,60,3,70,46
2023,4,24,36.5,24.5,65,3,110,40
2023,4,25,36,25,63,4,70,42.9
2023,4,26,36,24.6,65,2,250,44.5
2023,4,27,34.9,25,65,3,250,40.8
2023,4,28,36.2,24.3,60,2,200,39.8
2023,4,29,37.2,25.7,63,2,160,42
2023,4,30,37.1,23.5,70,2,90,43.3
2023,5,1,37,25.6,62,3,70,41.9
2023,5,2,36.5,24.5,55,5,40,42
2023,5,3,35.5,26,58,5,90,42.5
2023,5,4,35.2,25,71,3,110,41
2023,5,5,36.7,25,62,3,110,34.4
2023,5,6,35.3,25.7,65,2,90,41.1
2023,5,7,37.5,26.7,62,2,90,43.9
2023,5,8,37.7,23,74,1,160,43.8
2023,5,9,36.2,25.5,76,1,90,42.9
2023,5,10,35,24,83,2,200,43.1
2023,5,11,34.6,25.8,70,2,90,44.3
2023,5,12,34.9,24.3,78,2,110,43.1
2023,5,13,35.8,25.6,75,1,110,43.6
2023,5,14,36,25.3,73,1,180,45.9
2023,5,15,35.7,25.7,78,1,90,43.1
2023,5,16,34.4,25.1,76,1,290,44.3
2023,5,17,35.5,25.7,68,1,340,45.6
2023,5,18,36.5,24,74,2,180,44.2
2023,5,19,36,24.5,75,2,90,44.2
2023,5,20,34.4,24.6,80,2,340,43.8
2023,5,21,36.1,25,79,1,180,43.1
2023,5,22,35.1,25.1,76,1,160,41.9
2023,5,23,35.3,25.1,77,2,180,43.4
2023,5,24,36,24,75,2,180,41.3
2023,5,25,35,24.8,78,2,340,42.7
2023,5,26,36,24,74,3,40,44
2023,5,27,34.5,24.5,74,1,40,44.3
2023,5,28,34.9,26.5,88,2,270,46.7
2023,5,29,34.6,25.6,78,3,270,42.3
2023,5,30,35.1,25.4,70,2,320,41.9
2023,5,31,33.8,25,82,2,360,42.1
2023,6,1,34.1,24.2,77,1,360,42.6
2023,6,2,34.6,24.6,84,1,90,44.1
2023,6,3,34.5,25,79,3,40,43.1
2023,6,4,34,24.5,70,2,90,43.3
2023,6,5,34.6,25,74,1,110,43.9
2023,6,6,34,24.4,76,2,160,40
2023,6,7,35.1,23.6,81,2,180,37.7
2023,6,8,35,25,80,2,180,38.5
2023,6,9,35.4,24.4,79,1,70,36.6
2023,6,10,32,24.3,91,1,90,35.7
2023,6,11,30,24.5,89,2,140,37.1
2023,6,12,33,24,88,2,180,37.6
2023,6,13,32,25.4,86,1,270,30
2023,6,14,33.8,25.2,85,2,180,36.3
2023,6,15,34.7,25.3,82,1,90,35.5
2023,6,16,34.2,25.7,74,2,40,39.3
2023,6,17,33.8,24,69,2,90,36.8
2023,6,18,34.4,24.6,74,1,180,39.9
2023,6,19,35.5,26.5,74,2,180,40.8
2023,6,20,36.5,24.5,80,2,140,43.2
2023,6,21,35.3,26,80,1,180,42.7
2023,6,22,34.6,24.6,78,1,110,40.2
2023,6,23,34.7,24.3,72,1,20,41.6
2023,6,24,33.3,24.3,76,1,340,40.5
2023,6,25,33,24,75,2,180,37.4
2023,6,26,32.2,25,77,2,110,37.8
2023,6,27,32,24.5,87,2,160,41
2023,6,28,32.5,24.5,87,1,90,42.4
2023,6,29,32.4,25.5,87,2,140,39.6
2023,6,30,33.5,25.5,81,2,180,36
2023,7,1,35.7,23.5,81,2,360,41
2023,7,2,33.6,24.8,81,2,340,37.7
2023,7,3,34.3,25,74,2,90,38.3
2023,7,4,35,25.6,72,2,90,38.9
2023,7,5,35,26.5,66,2,70,40.8
2023,7,6,35.5,26.5,68,1,90,41.6
2023,7,7,35.5,25.1,74,1,160,40.2
2023,7,8,35.6,25.6,77,1,320,41.2
2023,7,9,34.8,25,76,2,180,39.9
2023,7,10,34.4,25.6,77,1,90,38.5
2023,7,11,35,25,82,2,90,35.7
2023,7,12,34.5,25,81,1,90,36
2023,7,13,29,24.5,95,2,140,41.2
2023,7,14,29.9,24.3,92,3,140,36.9
2023,7,15,29.3,23.4,94,2,140,40.7
2023,7,16,29,24.3,93,2,110,37.7
2023,7,17,28.5,24.7,91,2,70,31.9
2023,7,18,33.2,23.8,81,2,160,27.1
2023,7,19,34.8,23.8,81,2,270,36.1
2023,7,20,34.3,24.4,80,2,40,36.1
2023,7,21,35,25,80,1,180,31.2
2023,7,22,34.8,24.5,80,1,180,34.5
2023,7,23,33.5,23.6,88,1,250,34.8
2023,7,24,32.9,24.9,85,1,290,38.9
2023,7,25,30.7,23.6,87,4,270,37
2023,7,26,28.2,23.8,91,2,180,39.9
2023,7,27,28.8,23.6,94,2,180,39.2
2023,7,28,29.2,23,92,2,180,41.8
2023,7,29,30.5,24.5,89,2,90,42.4
2023,7,30,31.5,24.5,88,1,90,41.5
2023,7,31,30.5,24.5,92,1,180,42.2
2023,8,1,29.4,25.1,94,1,160,43.9
2023,8,2,31.2,24.5,89,1,270,41.2
2023,8,3,30.7,25.7,92,1,180,38.3
2023,8,4,32,25.2,87,1,180,40.8
2023,8,5,32.4,24.9,88,1,180,39.9
2023,8,6,33,25.5,87,1,180,42.2
2023,8,7,33.5,25.5,83,1,290,38.9
2023,8,8,33,25.6,94,1,220,35
2023,8,9,33.6,24.9,80,1,290,36.8
2023,8,10,33.1,25.2,87,1,320,34.3
2023,8,11,34,24.2,84,1,180,28.3
2023,8,12,34.1,25.7,81,2,180,34
2023,8,13,34,25,78,1,180,36.1
2023,8,14,34.5,25,80,1,180,34.4
2023,8,15,34.5,25.5,81,1,270,39.1
2023,8,16,34,25.7,80,1,340,34.7
2023,8,17,34,24.9,83,1,200,38.8
2023,8,18,33.5,24.5,79,1,180,37.5
2023,8,19,33.8,25,80,2,70,39.3
2023,8,20,33.5,25,79,2,180,31
2023,8,21,34.8,24.5,81,1,270,38.3
2023,8,22,34,24.5,85,1,180,38.3
2023,8,23,33,24.5,88,1,180,41.9
2023,8,24,31.4,24.5,88,1,340,39.5
2023,8,25,32.4,24.6,87,1,250,32.9
2023,8,26,29.8,24.4,88,1,270,35.8
2023,8,27,28.8,24.2,93,2,270,36.9
2023,8,28,32.6,25,86,2,180,39.9
2023,8,29,32.1,24.2,87,1,180,41
2023,8,30,31,24.5,93,2,180,43
2023,8,31,29.5,24.5,93,1,180,42
2023,9,1,29.7,24.8,93,1,160,41
2023,9,2,28.9,24.9,95,1,180,40.8
2023,9,3,31.3,25.2,94,1,180,38.9
2023,9,4,29.6,25.1,93,1,180,39.5
2023,9,5,29.6,24.5,94,1,90,40.8
2023,9,6,33.2,23.8,86,1,320,38.9
2023,9,7,34.1,24.1,81,1,180,29
2023,9,8,34,24.3,80,1,160,41.4
2023,9,9,33.4,25,83,1,340,38.7
2023,9,10,34,24.6,86,1,110,40.5
2023,9,11,33.5,24.4,84,1,180,37
2023,9,12,31.7,24.3,87,1,200,39.7
2023,9,13,33.4,23.9,84,1,20,43
2023,9,14,33.7,25,82,2,90,32.3
2023,9,15,34,24.5,82,1,180,26
2023,9,16,33.5,24.5,82,1,110,37.5
2023,9,17,34,24.1,84,1,90,36.9
2023,9,18,34.4,24.7,82,1,110,38.8
2023,9,19,33.7,23.4,84,1,180,41
2023,9,20,33.8,24.9,79,1,180,35.8
2023,9,21,34.9,24.8,80,1,180,38.3
2023,9,22,30,24.9,92,1,70,41.2
2023,9,23,33,25,92,1,40,41
2023,9,24,32.5,25,83,2,70,41.2
2023,9,25,33.8,24.9,85,1,140,41.6
2023,9,26,34,23.8,86,1,180,42
2023,9,27,32.3,23.8,91,1,180,39.7
2023,9,28,33.5,23.8,86,1,20,39.7
2023,9,29,34.6,25.5,83,2,160,38.5
2023,9,30,33,25.6,86,1,180,40.4
2023,10,1,34.5,24,87,1,180,47.5
2023,10,2,33,25.5,86,1,220,39.1
2023,10,3,31.4,24.7,92,1,320,36.6
2023,10,4,33.4,25.2,84,1,220,35.4
2023,10,5,31.3,23.2,88,1,160,37.4
2023,10,6,31.3,23.3,86,1,180,39
2023,10,7,33.4,24,82,1,90,39
2023,10,8,34.4,24.2,77,1,90,43.2
2023,10,9,34,24,77,3,90,40.8
2023,10,10,34.5,25,78,2,90,40.3
2023,10,11,34.6,24.4,77,1,70,42.3
2023,10,12,35,24.8,75,3,90,40.3
2023,10,13,34.7,24.6,74,1,20,41.9
2023,10,14,35.2,24.7,73,1,90,39.2
2023,10,15,34.8,24.5,74,2,70,42.4
2023,10,16,34.5,23,67,3,90,40.3
2023,10,17,36,25,70,3,40,42.6
2023,10,18,33.5,24.5,74,3,70,41
2023,10,19,31.5,23.8,80,2,70,41
2023,10,20,35.7,24.1,76,2,70,41.7
2023,10,21,28.1,23.2,92,1,90,41.5
2023,10,22,34.2,24.7,71,2,70,36.6
2023,10,23,29.8,23.2,81,2,40,37.7
2023,10,24,35.3,25,71,2,20,38.6
2023,10,25,36.5,24,72,2,90,39.3
2023,10,26,36.5,24.5,72,2,90,39.3
2023,10,27,34.9,24.8,80,2,70,39
2023,10,28,35.2,24.5,67,3,70,35.5
2023,10,29,35.2,24.8,65,3,70,33.7
2023,10,30,34.6,24.2,67,5,70,27.4
2023,10,31,34.6,25.2,60,3,360,40.6
2023,11,1,31.8,24.7,63,2,20,42
2023,11,2,34.1,24,72,2,90,38.5
2023,11,3,36,25,73,1,90,37.4
2023,11,4,36.4,25.2,70,2,70,40.8
2023,11,5,35.4,24.9,69,2,70,39.8
2023,11,6,35.6,24.6,69,4,70,38.9
2023,11,7,34.9,25.2,69,3,20,38.8
2023,11,8,34.8,25.2,72,3,90,37.4
2023,11,9,35.3,25,70,2,90,33.2
2023,11,10,35.7,25.2,66,3,70,35.2
2023,11,11,34.4,25,73,3,70,38
2023,11,12,36,25,67,3,70,39.7
2023,11,13,34.9,25,62,3,70,39.7
2023,11,14,33,25.1,70,4,70,37.4
2023,11,15,33.7,24.3,68,4,20,36.5
2023,11,16,34.8,23.2,68,3,70,37.3
2023,11,17,34.4,23.8,59,3,40,36.8
2023,11,18,32.8,24.5,61,4,70,38.2
2023,11,19,33.4,23.8,55,5,40,38.4
2023,11,20,33.6,23.6,61,4,70,33.8
2023,11,21,33.2,23.6,64,3,70,28.9
2023,11,22,34.6,23.4,63,3,70,37
2023,11,23,34.7,25.2,70,2,90,36.9
2023,11,24,34.9,26,65,4,70,37.2
2023,11,25,34.3,23,61,3,70,34.1
2023,11,26,35,24.5,68,4,90,37.3
2023,11,27,35.5,25.5,68,3,70,36.8
2023,11,28,33.9,24.5,66,4,90,38.5
2023,11,29,33.1,24.5,76,3,70,37.4
2023,11,30,33.3,25.2,74,2,70,35.3
2023,12,1,34.2,23.1,69,4,70,36.9
2023,12,2,33.1,23.6,71,3,90,37.8
2023,12,3,32.6,24.6,68,4,70,39
2023,12,4,34.5,23.5,67,3,70,33.2
2023,12,5,35.5,23.5,70,2,70,36.6
2023,12,6,34.8,24,76,2,90,36.8
2023,12,7,34.5,24.9,73,2,70,36.4
2023,12,8,33.2,23.9,72,2,110,36
2023,12,9,35.2,24.4,72,2,110,43.8
2023,12,10,35,24,64,3,110,37.5
2023,12,11,35,23.5,68,2,90,38.8
2023,12,12,35,24.6,66,2,40,36.7
2023,12,13,34.2,22.1,67,3,90,33.1
2023,12,14,34,24.3,66,3,70,35.4
2023,12,15,34.3,23.8,66,2,70,35.3
2023,12,16,33.3,24.6,70,4,20,34.7
2023,12,17,33.1,23.8,62,4,20,36.6
2023,12,18,32.5,24.5,70,4,40,38.8
2023,12,19,32.5,24.5,80,4,40,35.2
2023,12,20,33.5,22.5,68,4,20,33.9
2023,12,21,32,25,69,5,90,36.1
2023,12,22,31.5,24.1,58,5,20,37.2
2023,12,23,31.2,22.7,63,3,70,29.5
2023,12,24,33.4,25.3,60,3,20,32.1
2023,12,25,33.1,23.8,65,3,20,39.5
2023,12,26,30.6,22.6,72,4,70,36.3
2023,12,27,32.8,25,68,4,70,42
2023,12,28,32,24,64,4,90,32.4
2023,12,29,33.5,23.4,68,4,70,26.8
2023,12,30,33,24.3,73,3,70,30.7
2023,12,31,33.8,25,76,2,70,34.5
,,,,,,,,25.4
,,,,,,,,33.2
,,,,,,,,34.3
,,,,,,,,31.1
,,,,,,,,31.9
,,,,,,,,32.8
,,,,,,,,31.4
,,,,,,,,31.2
,,,,,,,,33.7
,,,,,,,,32.1
,,,,,,,,32.5
,,,,,,,,32.1
,,,,,,,,32.5
,,,,,,,,31
,,,,,,,,30.5
,,,,,,,,31
,,,,,,,,32.8
,,,,,,,,30.5
,,,,,,,,30.5
,,,,,,,,32.5
,,,,,,,,32.2
,,,,,,,,33
,,,,,,,,31.7
,,,,,,,,32.8
,,,,,,,,32.2
,,,,,,,,30.8
,,,,,,,,28.5
,,,,,,,,29.8
,,,,,,,,29.9
,,,,,,,,29.8
,,,,,,,,31
,,,,,,,,31.4
,,,,,,,,31.9
,,,,,,,,33.2
,,,,,,,,31.9
,,,,,,,,32.4
,,,,,,,,31.9
,,,,,,,,30.9
,,,,,,,,33.2
,,,,,,,,34.5
,,,,,,,,34.3
,,,,,,,,33.2
,,,,,,,,31.4
,,,,,,,,28
,,,,,,,,31.7
,,,,,,,,29.6
,,,,,,,,34.9
,,,,,,,,32.5
,,,,,,,,34.6
,,,,,,,,33.7
,,,,,,,,30.4
,,,,,,,,32.5
,,,,,,,,33
,,,,,,,,31.3
,,,,,,,,32.8
,,,,,,,,32.6
,,,,,,,,34.8
,,,,,,,,34.8
,,,,,,,,35.9
,,,,,,,,35.5
,,,,,,,,31.9
,,,,,,,,33.3
,,,,,,,,36.9
,,,,,,,,35
,,,,,,,,40.2
,,,,,,,,39.4
,,,,,,,,35.5
,,,,,,,,34.8
,,,,,,,,35
,,,,,,,,37.2
,,,,,,,,38.7
,,,,,,,,33.4
,,,,,,,,38.2
,,,,,,,,39.1
,,,,,,,,33.4
,,,,,,,,35.4
,,,,,,,,33.9
,,,,,,,,35.4
,,,,,,,,36.7
,,,,,,,,37.4
,,,,,,,,38.1
,,,,,,,,37.2
,,,,,,,,32.3
,,,,,,,,34.9
,,,,,,,,33.3
,,,,,,,,34.9
,,,,,,,,38.8
,,,,,,,,41.4
,,,,,,,,41.5
,,,,,,,,40.6
,,,,,,,,36.2
,,,,,,,,35.4
,,,,,,,,36.4
,,,,,,,,38.3
,,,,,,,,39.6
,,,,,,,,40.8
,,,,,,,,46
,,,,,,,,44.1
,,,,,,,,40.6
,,,,,,,,42.6
,,,,,,,,40.8
,,,,,,,,40.8
,,,,,,,,41
,,,,,,,,45.3
,,,,,,,,40.5
,,,,,,,,45.8
,,,,,,,,42.6
,,,,,,,,44.4
,,,,,,,,41.6
,,,,,,,,40.7
,,,,,,,,38.5
,,,,,,,,39.3
,,,,,,,,40
,,,,,,,,44.2
,,,,,,,,41
,,,,,,,,39.8
,,,,,,,,39.6
,,,,,,,,39.5
,,,,,,,,40.9
,,,,,,,,39.6
,,,,,,,,43.5
,,,,,,,,44
,,,,,,,,40.2
,,,,,,,,37.8
,,,,,,,,42.3
,,,,,,,,35.5
,,,,,,,,41.2
,,,,,,,,41.9
,,,,,,,,43.6
,,,,,,,,43.6
,,,,,,,,39.7
,,,,,,,,42.3
,,,,,,,,43.6
,,,,,,,,41.8
,,,,,,,,44.5
,,,,,,,,45
,,,,,,,,39.9
,,,,,,,,44.1
,,,,,,,,44.9
,,,,,,,,47
,,,,,,,,48.3
,,,,,,,,47.6
,,,,,,,,40.7
,,,,,,,,39.9
,,,,,,,,42.4
,,,,,,,,45.1
,,,,,,,,39.9
,,,,,,,,42.2
,,,,,,,,32.9
,,,,,,,,43.2
,,,,,,,,43.9
,,,,,,,,40.8
,,,,,,,,49.1
,,,,,,,,50.2
,,,,,,,,47.8
,,,,,,,,42.2
,,,,,,,,43.8
,,,,,,,,42
,,,,,,,,44
,,,,,,,,44.1
,,,,,,,,48.5
,,,,,,,,42.5
,,,,,,,,40.6
,,,,,,,,40.6
,,,,,,,,42.2
,,,,,,,,39.5
,,,,,,,,42
,,,,,,,,45.3
,,,,,,,,50.3
,,,,,,,,45.1
,,,,,,,,43.9
,,,,,,,,43.5
,,,,,,,,45.2
,,,,,,,,43.9
,,,,,,,,44.4
,,,,,,,,40.9
,,,,,,,,45.3
,,,,,,,,38.9
,,,,,,,,38.2
,,,,,,,,37.4
,,,,,,,,39
,,,,,,,,34.8
,,,,,,,,38.2
,,,,,,,,40.6
,,,,,,,,45.3
,,,,,,,,46.8
,,,,,,,,41.8
,,,,,,,,41.4
,,,,,,,,40.7
,,,,,,,,40.6
,,,,,,,,40.2
,,,,,,,,41
,,,,,,,,47.4
,,,,,,,,44.6
,,,,,,,,41.6
,,,,,,,,37.1
,,,,,,,,32.1
,,,,,,,,31.1
,,,,,,,,36.1
,,,,,,,,38.2
,,,,,,,,42.8
,,,,,,,,41.6
,,,,,,,,37.8
,,,,,,,,37.1
,,,,,,,,40
,,,,,,,,40.7
,,,,,,,,40.2
,,,,,,,,40.1
,,,,,,,,35.9
,,,,,,,,31.6
,,,,,,,,36.1
,,,,,,,,38.9
,,,,,,,,37.5
,,,,,,,,36.1
,,,,,,,,37
,,,,,,,,41.9
,,,,,,,,44.5
,,,,,,,,43.9
,,,,,,,,39.8
,,,,,,,,39.8
,,,,,,,,38
,,,,,,,,38.2
,,,,,,,,45
,,,,,,,,46.6
,,,,,,,,42.3
,,,,,,,,44.5
,,,,,,,,44.6
,,,,,,,,46.7
,,,,,,,,46.3
,,,,,,,,43.6
,,,,,,,,43.7
,,,,,,,,44
,,,,,,,,40.8
,,,,,,,,38.3
,,,,,,,,39.5
,,,,,,,,36.8
,,,,,,,,42.7
,,,,,,,,42.7
,,,,,,,,30.1
,,,,,,,,38.8
,,,,,,,,37.1
,,,,,,,,39.8
,,,,,,,,36.1
,,,,,,,,40.3
,,,,,,,,37.4
,,,,,,,,33.6
,,,,,,,,41.2
,,,,,,,,39.3
,,,,,,,,42.2
,,,,,,,,34.5
,,,,,,,,40.8
,,,,,,,,29.8
,,,,,,,,33.5
,,,,,,,,40.5
,,,,,,,,28.3
,,,,,,,,42.7
,,,,,,,,42.3
,,,,,,,,37.6
,,,,,,,,40.9
,,,,,,,,37.7
,,,,,,,,26.6
,,,,,,,,34.3
,,,,,,,,32.9
,,,,,,,,35.2
,,,,,,,,41.6
,,,,,,,,44.6
,,,,,,,,44.4
,,,,,,,,40.6
,,,,,,,,39.4
,,,,,,,,44.4
,,,,,,,,42.9
,,,,,,,,41
,,,,,,,,42.7
,,,,,,,,41.4
,,,,,,,,41.4
,,,,,,,,37.7
,,,,,,,,39.6
,,,,,,,,39.3
,,,,,,,,34.1
,,,,,,,,37.8
,,,,,,,,43.2
,,,,,,,,39.4
,,,,,,,,42.8
,,,,,,,,39
,,,,,,,,37
,,,,,,,,38.6
,,,,,,,,37.5
,,,,,,,,38.6
,,,,,,,,40.4
,,,,,,,,39.2
,,,,,,,,39.6
,,,,,,,,38
,,,,,,,,40.6
,,,,,,,,41.1
,,,,,,,,40.1
,,,,,,,,39.9
,,,,,,,,41.6
,,,,,,,,40.9
,,,,,,,,38.4
,,,,,,,,40.8
,,,,,,,,37.2
,,,,,,,,33.9
,,,,,,,,40.3
,,,,,,,,39.2
,,,,,,,,39.8
,,,,,,,,40.5
,,,,,,,,40.6
,,,,,,,,40
,,,,,,,,33.3
,,,,,,,,34.8
,,,,,,,,40.1
,,,,,,,,40.4
,,,,,,,,40.2
,,,,,,,,28.9
,,,,,,,,38.5
,,,,,,,,36.2
,,,,,,,,35.8
,,,,,,,,34.2
,,,,,,,,39.2
,,,,,,,,41.4
,,,,,,,,39.1
,,,,,,,,38
,,,,,,,,38.7
,,,,,,,,35.3
,,,,,,,,34.3
,,,,,,,,33.3
,,,,,,,,39.7
,,,,,,,,42.1
,,,,,,,,35.5
,,,,,,,,35.8
,,,,,,,,39.4
,,,,,,,,38
,,,,,,,,33.2
,,,,,,,,31.4
,,,,,,,,33.6
,,,,,,,,36.1
,,,,,,,,28.9
,,,,,,,,39.1
,,,,,,,,36.7
,,,,,,,,39.9
,,,,,,,,36.1
,,,,,,,,36.1
,,,,,,,,35.2
,,,,,,,,35.1
,,,,,,,,40.3
,,,,,,,,34.9
,,,,,,,,39
,,,,,,,,38.3
,,,,,,,,38.6
,,,,,,,,36.9
,,,,,,,,34.3
,,,,,,,,33.9
,,,,,,,,36.7
,,,,,,,,34.3
,,,,,,,,36.7
,,,,,,,,35.7
,,,,,,,,36.7
,,,,,,,,36.5
,,,,,,,,37.1
,,,,,,,,36.8
,,,,,,,,40.8
,,,,,,,,37.4
,,,,,,,,33.5
,,,,,,,,34.6
,,,,,,,,36.5
,,,,,,,,35.9
,,,,,,,,36.5
,,,,,,,,31.7
,,,,,,,,36.2
,,,,,,,,33.3
,,,,,,,,34.6
,,,,,,,,37.2
,,,,,,,,35.3
,,,,,,,,32.9
,,,,,,,,34.3
,,,,,,,,36.3
,,,,,,,,36.3
,,,,,,,,35.5
,,,,,,,,35.9
,,,,,,,,34.3
,,,,,,,,35.9
,,,,,,,,38.5
,,,,,,,,36.7
,,,,,,,,36.8
,,,,,,,,34.5
,,,,,,,,30.3
,,,,,,,,31.7
,,,,,,,,32.4
,,,,,,,,31.8
,,,,,,,,33.5
,,,,,,,,38.3
,,,,,,,,36.5
,,,,,,,,36.2
,,,,,,,,33.1
,,,,,,,,34.3
,,,,,,,,31.2
,,,,,,,,29.4
,,,,,,,,29.9
,,,,,,,,30
,,,,,,,,33.3
,,,,,,,,34.1
,,,,,,,,34.1
,,,,,,,,37
,,,,,,,,38.9
,,,,,,,,33.1
,,,,,,,,29.6
,,,,,,,,29.1
,,,,,,,,31.9
,,,,,,,,34.1
,,,,,,,,34.1
,,,,,,,,36
,,,,,,,,37.7
,,,,,,,,36.9
,,,,,,,,31.6
,,,,,,,,32.1
,,,,,,,,29.5
,,,,,,,,32.3
,,,,,,,,32.6
,,,,,,,,31.1
,,,,,,,,33.6
,,,,,,,,33.7
,,,,,,,,35.1
,,,,,,,,32.3
,,,,,,,,32
,,,,,,,,36
,,,,,,,,38.3
,,,,,,,,34.9
,,,,,,,,32.5
,,,,,,,,34.3
,,,,,,,,38.2
,,,,,,,,36.3
,,,,,,,,40.4
,,,,,,,,43.1
,,,,,,,,45
,,,,,,,,43.9
,,,,,,,,38.7
,,,,,,,,36.6
,,,,,,,,39.9
,,,,,,,,41.4
,,,,,,,,38.2
,,,,,,,,36.5
,,,,,,,,36
,,,,,,,,36.9
,,,,,,,,38.3
,,,,,,,,40.4
,,,,,,,,38.6
,,,,,,,,41.2
,,,,,,,,40.8
,,,,,,,,38.6
,,,,,,,,36.9
,,,,,,,,38.7
,,,,,,,,40.1
,,,,,,,,42
,,,,,,,,40.4
,,,,,,,,39.8
,,,,,,,,41.7
,,,,,,,,42.3
,,,,,,,,38.7
,,,,,,,,38.8
,,,,,,,,41.6
,,,,,,,,40.6
,,,,,,,,40.1
,,,,,,,,41
,,,,,,,,40.8
,,,,,,,,41.8
,,,,,,,,41.2
,,,,,,,,44.5
,,,,,,,,41.8
,,,,,,,,40.2
,,,,,,,,35.5
,,,,,,,,42.7
,,,,,,,,44.6
,,,,,,,,41.6
,,,,,,,,39.6
,,,,,,,,44.2
,,,,,,,,47.2
,,,,,,,,42.1
,,,,,,,,43.8
,,,,,,,,43.5
,,,,,,,,41.5
,,,,,,,,40.2
,,,,,,,,42.3
,,,,,,,,41.8
,,,,,,,,43.3
,,,,,,,,39.5
,,,,,,,,40.3
,,,,,,,,41.4
,,,,,,,,44
,,,,,,,,45.5
,,,,,,,,46.1
,,,,,,,,46.4
,,,,,,,,46.4
,,,,,,,,47.2
,,,,,,,,45.9
,,,,,,,,48.6
,,,,,,,,48.6
,,,,,,,,48.5
,,,,,,,,45.4
,,,,,,,,46.4
,,,,,,,,48
,,,,,,,,34.5
,,,,,,,,36.8
,,,,,,,,42.7
,,,,,,,,46.5
,,,,,,,,45
,,,,,,,,45.5
,,,,,,,,45
,,,,,,,,45.8
,,,,,,,,43.1
,,,,,,,,42.7
,,,,,,,,42.8
,,,,,,,,44.1
,,,,,,,,45.7
,,,,,,,,45.2
,,,,,,,,44.2
,,,,,,,,44.6
,,,,,,,,45.9
,,,,,,,,44.7
,,,,,,,,46.1
,,,,,,,,47.6
,,,,,,,,47
,,,,,,,,46
,,,,,,,,48.3
,,,,,,,,49.2
,,,,,,,,43.3
,,,,,,,,43.5
,,,,,,,,42.6
,,,,,,,,43
,,,,,,,,37.4
,,,,,,,,42.2
,,,,,,,,46.6
,,,,,,,,43.5
,,,,,,,,47.2
,,,,,,,,41.9
,,,,,,,,45.1
,,,,,,,,44.6
,,,,,,,,43.5
,,,,,,,,44.6
,,,,,,,,51.4
,,,,,,,,50.2
,,,,,,,,41.5
,,,,,,,,44.2
,,,,,,,,40.7
,,,,,,,,41.4
,,,,,,,,43.5
,,,,,,,,43.3
,,,,,,,,39.9
,,,,,,,,43.4
,,,,,,,,43
,,,,,,,,40.1
,,,,,,,,43.5
,,,,,,,,47
,,,,,,,,43
,,,,,,,,48.7
,,,,,,,,48.8
,,,,,,,,47.1
,,,,,,,,43.5
,,,,,,,,40.3
,,,,,,,,41.5
,,,,,,,,33.5
,,,,,,,,41.8
,,,,,,,,44.2
,,,,,,,,45.8
,,,,,,,,49.5
,,,,,,,,42.2
,,,,,,,,36.1
,,,,,,,,43.3
,,,,,,,,47.3
,,,,,,,,43
,,,,,,,,47.7
,,,,,,,,45.6
,,,,,,,,44.3
,,,,,,,,42.4
,,,,,,,,41.2
,,,,,,,,41.1
,,,,,,,,43.7
,,,,,,,,40.6
,,,,,,,,37.8
,,,,,,,,41.9
,,,,,,,,35
,,,,,,,,40.9
,,,,,,,,41.4
,,,,,,,,40.6
,,,,,,,,39
,,,,,,,,40.4
,,,,,,,,40.9
,,,,,,,,32.4
,,,,,,,,35.6
,,,,,,,,41.3
,,,,,,,,37.1
,,,,,,,,44.7
,,,,,,,,41.7
,,,,,,,,41.2
,,,,,,,,37.7
,,,,,,,,41.5
,,,,,,,,42.3
,,,,,,,,42
,,,,,,,,39.5
,,,,,,,,40.9
,,,,,,,,43.1
,,,,,,,,43.6
,,,,,,,,43.6
,,,,,,,,47.9
,,,,,,,,43.7
,,,,,,,,42.3
,,,,,,,,42.4
,,,,,,,,42.8
,,,,,,,,38.6
,,,,,,,,40.6
,,,,,,,,41.1
,,,,,,,,43.8
,,,,,,,,47.5
,,,,,,,,44.4
,,,,,,,,44.2
,,,,,,,,46.5
,,,,,,,,45.5
,,,,,,,,46.4
,,,,,,,,45.2
,,,,,,,,44.9
,,,,,,,,45
,,,,,,,,38.3
,,,,,,,,41.1
,,,,,,,,43.8
,,,,,,,,38.2
,,,,,,,,34.4
,,,,,,,,33.1
,,,,,,,,41.7
,,,,,,,,46.8
,,,,,,,,43.2
,,,,,,,,43.6
,,,,,,,,43.8
,,,,,,,,41.9
,,,,,,,,40.9
,,,,,,,,38.3
,,,,,,,,45.5
,,,,,,,,45.1
,,,,,,,,42.1
,,,,,,,,39.7
,,,,,,,,42.5
,,,,,,,,43.9
,,,,,,,,45.3
,,,,,,,,42.5
,,,,,,,,46.2
,,,,,,,,41.4
,,,,,,,,40.8
,,,,,,,,39.8
,,,,,,,,40.3
,,,,,,,,39.7
,,,,,,,,41.6
,,,,,,,,39.6
,,,,,,,,39.9
,,,,,,,,40.8
,,,,,,,,41.5
,,,,,,,,41.9
,,,,,,,,41.1
,,,,,,,,33.9
,,,,,,,,38.3
,,,,,,,,41.2
,,,,,,,,29.6
,,,,,,,,39.7
,,,,,,,,38.3
,,,,,,,,41.1
,,,,,,,,40.7
,,,,,,,,41.8
,,,,,,,,33.1
,,,,,,,,41.3
,,,,,,,,41.4
,,,,,,,,41.9
,,,,,,,,41.3
,,,,,,,,36.5
,,,,,,,,33.9
,,,,,,,,38.5
,,,,,,,,41.5
,,,,,,,,41.9
,,,,,,,,40.8
,,,,,,,,40.6
,,,,,,,,40.6
,,,,,,,,38.3
,,,,,,,,34.9
,,,,,,,,37.8
,,,,,,,,35.2
,,,,,,,,32.3
,,,,,,,,40.5
,,,,,,,,44.1
,,,,,,,,40.2
,,,,,,,,39.4
,,,,,,,,37.2
,,,,,,,,40.6
,,,,,,,,38.4
,,,,,,,,43
,,,,,,,,40.3
,,,,,,,,38.5
,,,,,,,,34.1
,,,,,,,,35.2
,,,,,,,,36.5
,,,,,,,,38.2
,,,,,,,,34.5
,,,,,,,,35.1
,,,,,,,,34.6
,,,,,,,,35.4
,,,,,,,,33.7
,,,,,,,,35.4
,,,,,,,,36.4
,,,,,,,,34.7
,,,,,,,,37
,,,,,,,,39
,,,,,,,,33.3
,,,,,,,,32.9
,,,,,,,,37.3
,,,,,,,,34.3
,,,,,,,,40.8
,,,,,,,,37.7
,,,,,,,,34.8
,,,,,,,,36.7
,,,,,,,,34.5
,,,,,,,,36.3
,,,,,,,,33.4
,,,,,,,,33.8
,,,,,,,,26.9
,,,,,,,,29.6
,,,,,,,,32.4
,,,,,,,,35.9
,,,,,,,,36.3
,,,,,,,,47.7
,,,,,,,,35.6
,,,,,,,,35.9
,,,,,,,,25
,,,,,,,,35.8
,,,,,,,,36.2
,,,,,,,,34.8
,,,,,,,,28.6
,,,,,,,,29.5
,,,,,,,,31.1
,,,,,,,,33.3
,,,,,,,,34.1
,,,,,,,,36
,,,,,,,,34.8
,,,,,,,,34.1
,,,,,,,,32.8
,,,,,,,,29.9
,,,,,,,,30.2
,,,,,,,,28.1
,,,,,,,,28
,,,,,,,,30
,,,,,,,,32.9
,,,,,,,,33.2
,,,,,,,,35
,,,,,,,,34.8
,,,,,,,,32.5
,,,,,,,,31
,,,,,,,,33.4
,,,,,,,,33
,,,,,,,,37.8
,,,,,,,,32.4
,,,,,,,,35.5
,,,,,,,,38.2
,,,,,,,,36.2
,,,,,,,,32.4
,,,,,,,,31.5
,,,,,,,,28.7
,,,,,,,,27.7
,,,,,,,,28.1
,,,,,,,,29.4
,,,,,,,,32.1
,,,,,,,,30.9
,,,,,,,,30.8
,,,,,,,,33.1
,,,,,,,,35.2
,,,,,,,,34.4
,,,,,,,,32.2
,,,,,,,,30.8
,,,,,,,,29
,,,,,,,,34.1
,,,,,,,,34.1
,,,,,,,,30.3
,,,,,,,,33.2
,,,,,,,,30.3
,,,,,,,,31.5
,,,,,,,,33.2
,,,,,,,,30.8
,,,,,,,,27.2
,,,,,,,,27.1
,,,,,,,,30.6
,,,,,,,,32.3
,,,,,,,,34.2
,,,,,,,,35.5
,,,,,,,,36.4
,,,,,,,,37.8
,,,,,,,,35.7
,,,,,,,,34.5
,,,,,,,,37.2
,,,,,,,,36.5
,,,,,,,,34.3
,,,,,,,,34.3
,,,,,,,,33.7
,,,,,,,,35.3
,,,,,,,,33.3
,,,,,,,,33
,,,,,,,,31.7
,,,,,,,,32.1
,,,,,,,,33
,,,,,,,,33.1
,,,,,,,,31.6
,,,,,,,,34.1
,,,,,,,,34.1
,,,,,,,,37.2
,,,,,,,,38.3
,,,,,,,,38.7
,,,,,,,,35.9
,,,,,,,,37.7
,,,,,,,,40
,,,,,,,,36.8
,,,,,,,,31.9
,,,,,,,,35
,,,,,,,,35.4
,,,,,,,,36.3
,,,,,,,,40.6
,,,,,,,,37.9
,,,,,,,,40.7
,,,,,,,,41.8
,,,,,,,,36.8
,,,,,,,,36.8
,,,,,,,,35.9
,,,,,,,,35.2
,,,,,,,,36.1
,,,,,,,,35.8
,,,,,,,,37.7
,,,,,,,,39.4
,,,,,,,,35.5
,,,,,,,,34.2
,,,,,,,,34.4
,,,,,,,,33.9
,,,,,,,,37.8
,,,,,,,,38.8
,,,,,,,,43.7
,,,,,,,,44.1
,,,,,,,,35.5
,,,,,,,,38.5
,,,,,,,,35.9
,,,,,,,,48.4
,,,,,,,,38.3
,,,,,,,,36.8
,,,,,,,,42.2
,,,,,,,,40.4
,,,,,,,,39.7
,,,,,,,,34.9
,,,,,,,,33.5
,,,,,,,,35.8
,,,,,,,,35.8
,,,,,,,,40
,,,,,,,,46.6
,,,,,,,,47.4
,,,,,,,,38.3
,,,,,,,,50.3
,,,,,,,,36.1
,,,,,,,,37.7
,,,,,,,,38.7
,,,,,,,,38.3
,,,,,,,,43.5
,,,,,,,,46.9
,,,,,,,,40.2
,,,,,,,,41.6
,,,,,,,,39.4
,,,,,,,,37.3
,,,,,,,,38.4
,,,,,,,,39.8
,,,,,,,,41.1
,,,,,,,,41.9
,,,,,,,,37.3
,,,,,,,,38.2
,,,,,,,,40.7
,,,,,,,,40.6
,,,,,,,,39.8
,,,,,,,,42.9
,,,,,,,,41.2
,,,,,,,,44.2
,,,,,,,,39.5
,,,,,,,,41.4
,,,,,,,,40.2
,,,,,,,,42.9
,,,,,,,,46.2
,,,,,,,,45.3
,,,,,,,,42.5
,,,,,,,,39.9
,,,,,,,,37.8
,,,,,,,,42.2
,,,,,,,,40.3
,,,,,,,,38.5
,,,,,,,,41.6
,,,,,,,,39
,,,,,,,,41.5
,,,,,,,,39.6
,,,,,,,,38.2
,,,,,,,,38.7
,,,,,,,,37.2
,,,,,,,,37.5
,,,,,,,,38.2
,,,,,,,,40.3
,,,,,,,,41.9
,,,,,,,,41.9
,,,,,,,,39.3
,,,,,,,,37.1
,,,,,,,,39.4
,,,,,,,,36.2
,,,,,,,,38.5
,,,,,,,,38.2
,,,,,,,,36.5
,,,,,,,,42.7
,,,,,,,,38.7
,,,,,,,,39.5
,,,,,,,,39.2
,,,,,,,,40.1
,,,,,,,,42.6
,,,,,,,,42.6
,,,,,,,,36
,,,,,,,,36.6
,,,,,,,,40
,,,,,,,,39
,,,,,,,,40.2
,,,,,,,,37.3
,,,,,,,,39.1
,,,,,,,,39.1
,,,,,,,,36.3
,,,,,,,,40.3
,,,,,,,,40.7
,,,,,,,,39.2
,,,,,,,,39.1
,,,,,,,,39.9
,,,,,,,,40.3
,,,,,,,,38.6
,,,,,,,,38.3
,,,,,,,,34.8
,,,,,,,,32.7
,,,,,,,,30.3
,,,,,,,,30.2
,,,,,,,,30.4
,,,,,,,,33.2
,,,,,,,,38.4
,,,,,,,,42.8
,,,,,,,,35.5
,,,,,,,,29.3
,,,,,,,,36.9
,,,,,,,,40.1
,,,,,,,,37.7
,,,,,,,,37
,,,,,,,,38.9
,,,,,,,,39.2
,,,,,,,,38.7
,,,,,,,,38.5
,,,,,,,,41
,,,,,,,,37.4
,,,,,,,,38
,,,,,,,,39.7
,,,,,,,,34.7
,,,,,,,,36.2
,,,,,,,,41.8
,,,,,,,,38.8
,,,,,,,,32.3
,,,,,,,,38.3
,,,,,,,,38.3
,,,,,,,,40.2
,,,,,,,,40.6
,,,,,,,,38.5
,,,,,,,,39.6
,,,,,,,,39.7
,,,,,,,,38.7
,,,,,,,,37.8
,,,,,,,,35.4
,,,,,,,,35.7
,,,,,,,,34.7
,,,,,,,,43.2
,,,,,,,,37.7
,,,,,,,,37.3
,,,,,,,,37.2
,,,,,,,,37.4
,,,,,,,,37.2
,,,,,,,,40
,,,,,,,,36.4
,,,,,,,,39.8
,,,,,,,,40.8
,,,,,,,,37.4
,,,,,,,,27.1
,,,,,,,,40.2
,,,,,,,,37.6
,,,,,,,,28.5
,,,,,,,,29
,,,,,,,,42.6
,,,,,,,,42.5
,,,,,,,,41.5
,,,,,,,,42.1
,,,,,,,,37.6
,,,,,,,,38.4
,,,,,,,,37
,,,,,,,,38
,,,,,,,,40.4
,,,,,,,,40.9
,,,,,,,,40.2
,,,,,,,,38.3
,,,,,,,,37.1
,,,,,,,,39.7
,,,,,,,,41.9
,,,,,,,,40.6
,,,,,,,,41.6
,,,,,,,,40.6
,,,,,,,,40.3
,,,,,,,,37.6
,,,,,,,,36.9
,,,,,,,,35.1
,,,,,,,,30.9
,,,,,,,,35.5
,,,,,,,,36.2
,,,,,,,,40.4
,,,,,,,,39.9
,,,,,,,,38.3
,,,,,,,,32.2
,,,,,,,,34.7
,,,,,,,,36
,,,,,,,,38.7
,,,,,,,,39.2
,,,,,,,,38.5
,,,,,,,,37.6
,,,,,,,,34.9
,,,,,,,,37.2
,,,,,,,,36.7
,,,,,,,,37.3
,,,,,,,,39.3
,,,,,,,,38.2
,,,,,,,,34.1
,,,,,,,,34.2
,,,,,,,,36.6
,,,,,,,,36.9
,,,,,,,,35.8
,,,,,,,,34.1
,,,,,,,,37.4
,,,,,,,,36
,,,,,,,,37.2
,,,,,,,,36.2
,,,,,,,,35.5
,,,,,,,,36.9
,,,,,,,,38.2
,,,,,,,,38.3
,,,,,,,,39
,,,,,,,,32.9
,,,,,,,,36.1
,,,,,,,,35.6
,,,,,,,,35.9
,,,,,,,,36.9
,,,,,,,,35.9
,,,,,,,,37.7
,,,,,,,,36.9
,,,,,,,,38.6
,,,,,,,,38.1
,,,,,,,,36.3
,,,,,,,,38.4
,,,,,,,,36
,,,,,,,,35.7
,,,,,,,,41.6
,,,,,,,,40.8
,,,,,,,,39
,,,,,,,,42.3
,,,,,,,,38
,,,,,,,,37.1
,,,,,,,,33.9
,,,,,,,,37.3
,,,,,,,,39.5
,,,,,,,,35
,,,,,,,,30.6
,,,,,,,,33
,,,,,,,,30.9
,,,,,,,,29.7
,,,,,,,,32.2
,,,,,,,,31.4
,,,,,,,,31.3
,,,,,,,,32.2
,,,,,,,,31.8
,,,,,,,,34.6
,,,,,,,,33.8
,,,,,,,,33.5
,,,,,,,,30.9
,,,,,,,,31.6
,,,,,,,,36.4
,,,,,,,,36.6
,,,,,,,,32.9
,,,,,,,,28
,,,,,,,,35.8
,,,,,,,,37.5
,,,,,,,,35.6
,,,,,,,,37.5
,,,,,,,,35.8
,,,,,,,,36.1
,,,,,,,,33.2
,,,,,,,,30.7
,,,,,,,,30.9
,,,,,,,,30.3
,,,,,,,,30.8
,,,,,,,,29.8
,,,,,,,,29.1
,,,,,,,,28.9
,,,,,,,,33.1
,,,,,,,,34.3
,,,,,,,,33.2
,,,,,,,,30.9
,,,,,,,,30.5
,,,,,,,,31.7
,,,,,,,,33.6
,,,,,,,,34.7
,,,,,,,,33.4
,,,,,,,,30.8
,,,,,,,,30.6
,,,,,,,,30
,,,,,,,,27.4
,,,,,,,,29.5
,,,,,,,,29.4
,,,,,,,,29.6
,,,,,,,,31.1
,,,,,,,,30.6
,,,,,,,,32.9
,,,,,,,,32.1
,,,,,,,,33.2
,,,,,,,,35.5
,,,,,,,,34
,,,,,,,,33
,,,,,,,,37.4
,,,,,,,,43.8
,,,,,,,,36.8
,,,,,,,,33.9
,,,,,,,,32.7
,,,,,,,,30.4
,,,,,,,,31.2
,,,,,,,,32.5
,,,,,,,,36
,,,,,,,,33.9
,,,,,,,,28.9
,,,,,,,,30.3
,,,,,,,,33.6
,,,,,,,,32.6
,,,,,,,,32.7
,,,,,,,,30.5
,,,,,,,,32.6
,,,,,,,,34.2
,,,,,,,,33.8
,,,,,,,,33.6
,,,,,,,,34.6
,,,,,,,,30.7
,,,,,,,,34.3
,,,,,,,,38.5
,,,,,,,,35
,,,,,,,,33.9
,,,,,,,,28
,,,,,,,,31.2
,,,,,,,,34.1
,,,,,,,,31.2
,,,,,,,,31.9
,,,,,,,,34.6
,,,,,,,,32.7
,,,,,,,,35
,,,,,,,,34
,,,,,,,,33.2
,,,,,,,,34.8
,,,,,,,,35.4
,,,,,,,,35
,,,,,,,,35.7
,,,,,,,,45.5
,,,,,,,,32.3
,,,,,,,,32.9
,,,,,,,,34.6
,,,,,,,,39.3
,,,,,,,,35.5
,,,,,,,,37.4
,,,,,,,,42
,,,,,,,,46.8
,,,,,,,,48.4
,,,,,,,,45.5
,,,,,,,,46.8
,,,,,,,,45.3
,,,,,,,,37.5
,,,,,,,,40.3
,,,,,,,,42.7
,,,,,,,,44.1
,,,,,,,,42.3
,,,,,,,,42.9
,,,,,,,,38.2
,,,,,,,,35.3
,,,,,,,,32.3
,,,,,,,,34.7
,,,,,,,,35.7
,,,,,,,,37.5
,,,,,,,,36.4
,,,,,,,,37.1
,,,,,,,,34.2
,,,,,,,,34.2
,,,,,,,,34.7
,,,,,,,,35.3
,,,,,,,,36.5
,,,,,,,,38
,,,,,,,,41.8
,,,,,,,,37.7
,,,,,,,,38.1
,,,,,,,,37.9
,,,,,,,,37.4
,,,,,,,,38.8
,,,,,,,,31.8
,,,,,,,,37.4
,,,,,,,,36.9
,,,,,,,,34.3
,,,,,,,,35.6
,,,,,,,,40.4
,,,,,,,,38.3
,,,,,,,,40
,,,,,,,,39.8
,,,,,,,,44.1
,,,,,,,,42.4
,,,,,,,,38.4
,,,,,,,,38.6
,,,,,,,,37.2
,,,,,,,,42.3
,,,,,,,,39.3
,,,,,,,,38.9
,,,,,,,,47.2
,,,,,,,,47.3
,,,,,,,,39.1
,,,,,,,,39.8
,,,,,,,,51.5
,,,,,,,,37.3
,,,,,,,,36.4
,,,,,,,,38.2
,,,,,,,,50.4
,,,,,,,,43.6
,,,,,,,,39.3
,,,,,,,,40.4
,,,,,,,,39.3
,,,,,,,,39.5
,,,,,,,,37.6
,,,,,,,,35.2
,,,,,,,,44.7
,,,,,,,,43.3
,,,,,,,,36.9
,,,,,,,,39.1
,,,,,,,,38.4
,,,,,,,,41
,,,,,,,,39.7
,,,,,,,,40
,,,,,,,,49.2
,,,,,,,,43.5
,,,,,,,,42.7
,,,,,,,,40.2
,,,,,,,,36
,,,,,,,,35.2
,,,,,,,,39.6
,,,,,,,,39.6
,,,,,,,,51.5
,,,,,,,,51.9
,,,,,,,,39.6
,,,,,,,,39.6
,,,,,,,,42.3
,,,,,,,,39.7
,,,,,,,,41.2
,,,,,,,,38.6
,,,,,,,,52.6
,,,,,,,,41.6
,,,,,,,,39.1
,,,,,,,,40.8
,,,,,,,,39
,,,,,,,,44.9
,,,,,,,,38.3
,,,,,,,,38.7
,,,,,,,,42
,,,,,,,,39
,,,,,,,,37.7
,,,,,,,,34.8
,,,,,,,,37.8
,,,,,,,,40.1
,,,,,,,,36.1
,,,,,,,,38.2
,,,,,,,,33.7
,,,,,,,,38
,,,,,,,,36.4
,,,,,,,,32.6
,,,,,,,,36.5
,,,,,,,,35.5
,,,,,,,,39.4
,,,,,,,,35.9
,,,,,,,,39.1
,,,,,,,,35.3
,,,,,,,,34.1
,,,,,,,,40.2
,,,,,,,,41.9
,,,,,,,,41.4
,,,,,,,,35.7
,,,,,,,,34
,,,,,,,,40.6
,,,,,,,,42.9
,,,,,,,,44.2
,,,,,,,,40.4
,,,,,,,,36
,,,,,,,,39.2
,,,,,,,,39
,,,,,,,,32.4
,,,,,,,,40.5
,,,,,,,,43.5
,,,,,,,,42.2
,,,,,,,,41.1
,,,,,,,,39
,,,,,,,,41
,,,,,,,,40.5
,,,,,,,,41.2
,,,,,,,,42.3
,,,,,,,,37
,,,,,,,,37.9
,,,,,,,,38.5
,,,,,,,,38.4
,,,,,,,,38.5
,,,,,,,,35.6
,,,,,,,,35
,,,,,,,,34.2
,,,,,,,,27.9
,,,,,,,,35.5
,,,,,,,,37.6
,,,,,,,,38
,,,,,,,,40.1
,,,,,,,,36.6
,,,,,,,,38.8
,,,,,,,,39.4
,,,,,,,,36.8
,,,,,,,,36.3
,,,,,,,,34.9
,,,,,,,,40.7
,,,,,,,,39.7
,,,,,,,,37.4
,,,,,,,,35.2
,,,,,,,,26.1
,,,,,,,,35.3
,,,,,,,,39.2
,,,,,,,,41.4
,,,,,,,,39.8
,,,,,,,,40.6
,,,,,,,,42.2
,,,,,,,,42.1
,,,,,,,,38.9
,,,,,,,,41.6
,,,,,,,,38.1
,,,,,,,,32.2
,,,,,,,,34.3
,,,,,,,,36.8
,,,,,,,,39.4
,,,,,,,,41.5
,,,,,,,,43.8
,,,,,,,,43.1
,,,,,,,,37.7
,,,,,,,,36.8
,,,,,,,,38.5
,,,,,,,,37.7
,,,,,,,,38.4
,,,,,,,,36.3
,,,,,,,,39.4
,,,,,,,,38.3
,,,,,,,,37.2
,,,,,,,,35.5
,,,,,,,,35.7
,,,,,,,,38.5
,,,,,,,,38
,,,,,,,,39.1
,,,,,,,,38.3
,,,,,,,,31.1
,,,,,,,,35.3
,,,,,,,,37.5
,,,,,,,,39.6
,,,,,,,,36.6
,,,,,,,,35.7
,,,,,,,,36.8
,,,,,,,,31.1
,,,,,,,,31.7
,,,,,,,,38.7
,,,,,,,,38.2
,,,,,,,,37.5
,,,,,,,,37.5
,,,,,,,,38.1
,,,,,,,,36.6
,,,,,,,,38.1
,,,,,,,,39.5
,,,,,,,,39.6
,,,,,,,,38.9
,,,,,,,,39.9
,,,,,,,,37
,,,,,,,,35.2
,,,,,,,,37.6
,,,,,,,,40.8
,,,,,,,,38
,,,,,,,,35.8
,,,,,,,,37.7
,,,,,,,,40.8
,,,,,,,,38
,,,,,,,,39.4
,,,,,,,,29
,,,,,,,,34.6
,,,,,,,,37.1
,,,,,,,,35.7
,,,,,,,,31.1
,,,,,,,,32.8
,,,,,,,,34
,,,,,,,,34.6
,,,,,,,,36.1
,,,,,,,,37.4
,,,,,,,,36.8
,,,,,,,,36.3
,,,,,,,,37.5
,,,,,,,,37.8
,,,,,,,,31.7
,,,,,,,,35.7
,,,,,,,,37.4
,,,,,,,,36.8
,,,,,,,,38.4
,,,,,,,,38
,,,,,,,,38
,,,,,,,,37.1
,,,,,,,,35.5
,,,,,,,,36.3
,,,,,,,,34.8
,,,,,,,,34.1
,,,,,,,,35.3
,,,,,,,,33.9
,,,,,,,,33.7
,,,,,,,,35.3
,,,,,,,,37.8
,,,,,,,,35.8
,,,,,,,,35.1
,,,,,,,,35.9
,,,,,,,,38.4
,,,,,,,,38
,,,,,,,,37.5
,,,,,,,,38.5
,,,,,,,,36.5
,,,,,,,,35.9
,,,,,,,,36.5
,,,,,,,,35.6
,,,,,,,,37.1
,,,,,,,,44.7
,,,,,,,,36.1
,,,,,,,,34.8
,,,,,,,,34.5
,,,,,,,,33.1
,,,,,,,,35.4
,,,,,,,,35.9
,,,,,,,,35.6
,,,,,,,,32.9
,,,,,,,,36.2
,,,,,,,,36.9
,,,,,,,,32
,,,,,,,,30.3
,,,,,,,,32.1
,,,,,,,,35.2
,,,,,,,,30.9
,,,,,,,,29
,,,,,,,,26.8
,,,,,,,,26.9
,,,,,,,,26.6
,,,,,,,,31.5
,,,,,,,,29.2
,,,,,,,,30.8
,,,,,,,,32.7
,,,,,,,,33
,,,,,,,,35.6
,,,,,,,,34.1
,,,,,,,,33.2
,,,,,,,,31.2
,,,,,,,,27.7
,,,,,,,,25
,,,,,,,,28.9
,,,,,,,,29.2
,,,,,,,,31.8
,,,,,,,,31.4
,,,,,,,,31.4
,,,,,,,,30.7
,,,,,,,,31.1
,,,,,,,,35.4
,,,,,,,,32.6
,,,,,,,,32.6
,,,,,,,,32.5
,,,,,,,,29.8
,,,,,,,,33
,,,,,,,,29.5
,,,,,,,,31.7
,,,,,,,,31.9
,,,,,,,,33.5
,,,,,,,,32.4
,,,,,,,,28.2
,,,,,,,,30.3
,,,,,,,,29.6
,,,,,,,,28.5
,,,,,,,,29.5
,,,,,,,,31.7
,,,,,,,,29.3
,,,,,,,,33.1
,,,,,,,,35
,,,,,,,,33.7
,,,,,,,,30.5
,,,,,,,,31.4
,,,,,,,,32.7
,,,,,,,,34.4
,,,,,,,,31.9
,,,,,,,,30.2
,,,,,,,,31.6
,,,,,,,,32.3
,,,,,,,,32.9
,,,,,,,,33.8
,,,,,,,,34
,,,,,,,,31.1
,,,,,,,,30.2
,,,,,,,,29
,,,,,,,,32.6
,,,,,,,,32.8
,,,,,,,,36.3
,,,,,,,,32.5
,,,,,,,,34.3
,,,,,,,,37
,,,,,,,,36.7
,,,,,,,,36.6
,,,,,,,,32
,,,,,,,,30.3
,,,,,,,,30.8
,,,,,,,,34.3
,,,,,,,,32.1
,,,,,,,,30.4
,,,,,,,,31.2
,,,,,,,,29.4
,,,,,,,,29.4
,,,,,,,,30.9
,,,,,,,,33.6
,,,,,,,,32.7
,,,,,,,,30.8
,,,,,,,,31.3
,,,,,,,,32.7
,,,,,,,,29.6
,,,,,,,,31.5
,,,,,,,,35
,,,,,,,,32.3
,,,,,,,,34
,,,,,,,,36.7
,,,,,,,,34.1
,,,,,,,,36.6
,,,,,,,,36.6
,,,,,,,,36.1
,,,,,,,,37.9
,,,,,,,,38.6
,,,,,,,,36.2
,,,,,,,,40.2
,,,,,,,,37.2
,,,,,,,,36.9
,,,,,,,,36.4
,,,,,,,,37.5
,,,,,,,,39.6
,,,,,,,,40.3
,,,,,,,,38.7
,,,,,,,,40.8
,,,,,,,,35.3
,,,,,,,,35.7
,,,,,,,,37.4
,,,,,,,,38.1
,,,,,,,,36.4
,,,,,,,,35.2
,,,,,,,,36.7
,,,,,,,,36.8
,,,,,,,,37.7
,,,,,,,,38.5
,,,,,,,,35.5
,,,,,,,,38.3
,,,,,,,,40.5
,,,,,,,,40.1
,,,,,,,,39.9
,,,,,,,,41
,,,,,,,,41.6
,,,,,,,,42
,,,,,,,,39.9
,,,,,,,,40.7
,,,,,,,,39.1
,,,,,,,,38.2
,,,,,,,,39.3
,,,,,,,,37.4
,,,,,,,,37.4
,,,,,,,,39.3
,,,,,,,,40.7
,,,,,,,,40.2
,,,,,,,,37.4
,,,,,,,,37
,,,,,,,,36.7
,,,,,,,,39
,,,,,,,,39.1
,,,,,,,,43.2
,,,,,,,,42.4
,,,,,,,,40.4
,,,,,,,,38.7
,,,,,,,,40.2
,,,,,,,,39.1
,,,,,,,,41.9
,,,,,,,,41.3
,,,,,,,,42
,,,,,,,,39.9
,,,,,,,,39.3
,,,,,,,,43.2
,,,,,,,,40.7
,,,,,,,,40.3
,,,,,,,,40.6
,,,,,,,,42.2
,,,,,,,,41.3
,,,,,,,,41.3
,,,,,,,,40.5
,,,,,,,,40.4
,,,,,,,,39.3
,,,,,,,,40.7
,,,,,,,,40.3
,,,,,,,,38.6
,,,,,,,,39.4
,,,,,,,,41
,,,,,,,,38.9
,,,,,,,,39.5
,,,,,,,,39
,,,,,,,,38
,,,,,,,,38.4
,,,,,,,,42.3
,,,,,,,,41
,,,,,,,,39.9
,,,,,,,,37.1
,,,,,,,,34.4
,,,,,,,,35.8
,,,,,,,,39.2
,,,,,,,,39.8
,,,,,,,,40.4
,,,,,,,,42.9
,,,,,,,,39.3
,,,,,,,,39.4
,,,,,,,,40.5
,,,,,,,,43.1
,,,,,,,,41.7
,,,,,,,,41.5
,,,,,,,,39.2
,,,,,,,,39.3
,,,,,,,,37.8
,,,,,,,,36.1
,,,,,,,,35.1
,,,,,,,,39.5
,,,,,,,,37.4
,,,,,,,,40.4
,,,,,,,,45.9
,,,,,,,,40.6
,,,,,,,,41.1
,,,,,,,,41.5
,,,,,,,,40.8
,,,,,,,,41.4
,,,,,,,,40.7
,,,,,,,,43.3
,,,,,,,,42.6
,,,,,,,,41.9
,,,,,,,,38.4
,,,,,,,,41.1
,,,,,,,,32.1
,,,,,,,,33.3
,,,,,,,,30
,,,,,,,,33.5
,,,,,,,,32.7
,,,,,,,,40.3
,,,,,,,,42.1
,,,,,,,,39.3
,,,,,,,,41.7
,,,,,,,,40.7
,,,,,,,,43.1
,,,,,,,,39.6
,,,,,,,,36.3
,,,,,,,,29.8
,,,,,,,,29.8
,,,,,,,,32.2
,,,,,,,,34.8
,,,,,,,,36
,,,,,,,,34.7
,,,,,,,,31.1
,,,,,,,,38
,,,,,,,,35.3
,,,,,,,,38.3
,,,,,,,,39.2
,,,,,,,,38.5
,,,,,,,,40.1
,,,,,,,,39.8
,,,,,,,,42.2
,,,,,,,,40.8
,,,,,,,,42
,,,,,,,,39.5
,,,,,,,,40.3
,,,,,,,,41.2
,,,,,,,,40.8
,,,,,,,,39.4
,,,,,,,,41.7
,,,,,,,,39.1
,,,,,,,,40.8
,,,,,,,,39.9
,,,,,,,,41
,,,,,,,,42.6
,,,,,,,,40
,,,,,,,,36.6
,,,,,,,,37.9
,,,,,,,,32.3
,,,,,,,,31.9
,,,,,,,,38.8
,,,,,,,,37.4
,,,,,,,,34.2
,,,,,,,,33.7
,,,,,,,,33.9
,,,,,,,,32.5
,,,,,,,,36.2
,,,,,,,,34.3
,,,,,,,,33.1
,,,,,,,,38.9
,,,,,,,,40.3
,,,,,,,,39.4
,,,,,,,,40.8
,,,,,,,,40.4
,,,,,,,,40.5
,,,,,,,,38
,,,,,,,,40.5
,,,,,,,,40.7
,,,,,,,,40.5
,,,,,,,,41.3
,,,,,,,,41.2
,,,,,,,,43.3
,,,,,,,,41.2
,,,,,,,,41.9
,,,,,,,,39.8
,,,,,,,,34.2
,,,,,,,,38
,,,,,,,,39.2
,,,,,,,,39.6
,,,,,,,,41.3
,,,,,,,,35.7
,,,,,,,,43.1
,,,,,,,,42.2
,,,,,,,,41
,,,,,,,,42.4
,,,,,,,,39.8
,,,,,,,,35.7
,,,,,,,,40.2
,,,,,,,,34.5
,,,,,,,,36.9
,,,,,,,,38.7
,,,,,,,,39.7
,,,,,,,,39
,,,,,,,,40.6
,,,,,,,,39.6
,,,,,,,,39.6
,,,,,,,,42.3
,,,,,,,,40.8
,,,,,,,,38.5
,,,,,,,,36
,,,,,,,,37.4
,,,,,,,,37.2
,,,,,,,,35
,,,,,,,,39.5
,,,,,,,,28.7
,,,,,,,,39
,,,,,,,,32.2
,,,,,,,,38
,,,,,,,,39.8
,,,,,,,,39.7
,,,,,,,,39.3
,,,,,,,,38.3
,,,,,,,,38.2
,,,,,,,,38.5
,,,,,,,,35.2
,,,,,,,,31.6
,,,,,,,,36.9
,,,,,,,,40.4
,,,,,,,,41.9
,,,,,,,,39.4
,,,,,,,,39.8
,,,,,,,,38.9
,,,,,,,,37.5
,,,,,,,,38.3
,,,,,,,,39.7
,,,,,,,,42.2
,,,,,,,,40.8
,,,,,,,,36.7
,,,,,,,,35.7
,,,,,,,,34.6
,,,,,,,,35.7
,,,,,,,,39.8
,,,,,,,,35.1
,,,,,,,,33.7
,,,,,,,,34.4
,,,,,,,,34.3
,,,,,,,,35.2
,,,,,,,,36.5
,,,,,,,,37.3
,,,,,,,,34
,,,,,,,,36.6
,,,,,,,,36.6
,,,,,,,,37.2
,,,,,,,,35.8
,,,,,,,,35.8
,,,,,,,,37.7
,,,,,,,,33.8
,,,,,,,,34.1
,,,,,,,,36.2
,,,,,,,,39.3
,,,,,,,,38.3
,,,,,,,,37.3
,,,,,,,,36.8
,,,,,,,,38.3
,,,,,,,,36.2
,,,,,,,,36.9
,,,,,,,,38.1
,,,,,,,,36.8
,,,,,,,,34.6
,,,,,,,,35.5
,,,,,,,,34.7
,,,,,,,,33.2
,,,,,,,,34
,,,,,,,,34.7
,,,,,,,,34.8
,,,,,,,,33.9
,,,,,,,,30.9
,,,,,,,,30.9
,,,,,,,,35.4
,,,,,,,,34.3
,,,,,,,,32.3
,,,,,,,,34.6
,,,,,,,,33.1
,,,,,,,,36
,,,,,,,,35.8
,,,,,,,,39.3
