YEAR,MONTH,DAY,TMAX,TMIN,RH,WIND_SPEED,WIND_DIRECTION
2014,1,1,29,21,81,3,360
2014,1,2,29,20.2,79,2,20
2014,1,3,30,20.2,81,2,360
2014,1,4,30,20.4,81,2,360
2014,1,5,28.5,20.2,87,3,360
2014,1,6,28,20.2,82,1,20
2014,1,7,28,19.8,81,2,360
2014,1,8,29,19.6,74,3,360
2014,1,9,29.5,19.5,74,3,20
2014,1,10,26.5,19.2,80,4,20
2014,1,11,27,18.6,75,5,20
2014,1,12,27,18.6,82,4,360
2014,1,13,26,18.5,88,3,20
2014,1,14,26.8,18.8,79,2,20
2014,1,15,26,18,81,3,20
2014,1,16,26,18,76,5,20
2014,1,17,24,18,86,4,360
2014,1,18,26,17.2,76,4,360
2014,1,19,23.8,17,97,4,360
2014,1,20,24.3,17.2,79,3,360
2014,1,21,27.8,18,80,2,360
2014,1,22,25.5,17.2,86,3,20
2014,1,23,25,16.8,81,3,360
2014,1,24,25.4,16,81,2,20
2014,1,25,26.5,16.2,68,2,20
2014,1,26,28,17,79,2,20
2014,1,27,23.5,16.8,87,2,360
2014,1,28,25.5,17.6,81,2,360
2014,1,29,28,17.8,77,3,20
2014,1,30,28,17.6,75,3,20
2014,1,31,27,17.6,75,3,20
2014,2,1,25.8,18.5,89,1,360
2014,2,2,30,18,84,0,0
2014,2,3,30,17.5,83,1,360
2014,2,4,30.4,19.4,81,1,360
2014,2,5,30,19.2,84,1,360
2014,2,6,30,18.8,83,2,360
2014,2,7,31,19.5,81,1,360
2014,2,8,31.5,20.1,81,1,360
2014,2,9,30,19.8,82,1,360
2014,2,10,31,20,80,1,360
2014,2,11,26,19.4,86,2,20
2014,2,12,27.5,18.6,79,1,360
2014,2,13,28,18.2,79,2,360
2014,2,14,29,18.6,78,1,360
2014,2,15,28.5,17.7,81,2,360
2014,2,16,28,19,86,1,360
2014,2,17,29,19,81,1,20
2014,2,18,29,19,83,1,360
2014,2,19,29,18,77,1,360
2014,2,20,29.5,18.6,77,2,20
2014,2,21,26,18.8,85,2,360
2014,2,22,26,18.2,85,2,20
2014,2,23,24,17.4,89,2,20
2014,2,24,27,18.6,82,2,360
2014,2,25,27.8,19,85,1,360
2014,2,26,29,18.8,81,1,360
2014,2,27,30,19.8,80,3,360
2014,2,28,29,19.6,77,3,40
2014,3,1,30,20.4,79,2,360
2014,3,2,30,21.4,78,1,360
2014,3,3,29.5,21.6,79,1,360
2014,3,4,30.2,22,79,1,360
2014,3,5,28.8,21.6,77,1,360
2014,3,6,30,21.5,77,3,40
2014,3,7,29,21.2,82,3,20
2014,3,8,30,20.2,79,2,360
2014,3,9,30,22.4,77,1,360
2014,3,10,28.5,22.4,88,1,20
2014,3,11,26,22.8,89,1,360
2014,3,12,30,23,78,1,360
2014,3,13,30,23.5,80,2,360
2014,3,14,30,22.4,82,2,20
2014,3,15,30,23.6,84,3,360
2014,3,16,30,23.6,81,2,20
2014,3,17,29,22.6,83,2,360
2014,3,18,30,22.4,79,2,20
2014,3,19,31,22,79,2,360
2014,3,20,30.5,22.4,76,2,40
2014,3,21,26.8,22.4,87,3,20
2014,3,22,27.5,22.4,83,4,20
2014,3,23,28,22.4,79,4,20
2014,3,24,26.5,22.5,93,2,360
2014,3,25,30,23,88,1,360
2014,3,26,30,23.2,84,1,360
2014,3,27,30,23.5,90,2,20
2014,3,28,30.2,23.2,86,2,360
2014,3,29,31.6,22,82,1,360
2014,3,30,32,23.4,79,2,40
2014,3,31,30.8,21.4,82,1,360
2014,4,1,32,22.4,82,1,360
2014,4,2,33,23.2,77,1,360
2014,4,3,33,23,79,1,360
2014,4,4,32,22.6,77,3,20
2014,4,5,32,23.2,77,1,20
2014,4,6,32,22.5,79,2,20
2014,4,7,31,23,78,1,360
2014,4,8,32.4,22.4,76,1,360
2014,4,9,31.5,22.8,79,1,360
2014,4,10,32,22.6,73,2,40
2014,4,11,31,22.7,82,2,20
2014,4,12,32.5,22.5,80,2,360
2014,4,13,30.5,22.5,79,2,20
2014,4,14,32.5,23,77,2,360
2014,4,15,29,22.5,78,2,20
2014,4,16,29,23.2,83,1,360
2014,4,17,31,22.5,79,2,360
2014,4,18,32,22.9,76,2,360
2014,4,19,32.5,23.6,80,1,360
2014,4,20,31,23.2,80,2,40
2014,4,21,30.5,22.8,80,1,360
2014,4,22,31.2,23,77,1,360
2014,4,23,33,23.5,73,2,360
2014,4,24,31.5,24,82,2,360
2014,4,25,34,24.2,79,1,360
2014,4,26,32.6,23.8,80,1,360
2014,4,27,34,23.9,77,1,360
2014,4,28,34,24,77,1,360
2014,4,29,34,24,77,1,360
2014,4,30,34,24,75,1,360
2014,5,1,34.5,25,81,1,360
2014,5,2,34,24.7,76,2,40
2014,5,3,34.1,24.2,77,1,20
2014,5,4,33.4,24.7,78,2,20
2014,5,5,33.5,25.1,76,1,40
2014,5,6,32.5,24.5,75,2,40
2014,5,7,33.5,25,77,2,20
2014,5,8,34,24.8,76,1,40
2014,5,9,34,25,78,1,360
2014,5,10,33.6,24.9,81,1,180
2014,5,11,34,25,74,0,0
2014,5,12,32.5,24.6,83,1,90
2014,5,13,32.2,23.8,78,1,160
2014,5,14,33.5,23.6,78,0,0
2014,5,15,34.8,24.7,68,1,270
2014,5,16,35,25.3,75,1,180
2014,5,17,34.5,24.9,77,1,90
2014,5,18,34,25.1,75,0,0
2014,5,19,35,24.5,72,1,90
2014,5,20,33,23.9,80,1,90
2014,5,21,32.4,24.2,76,0,0
2014,5,22,34,24.9,78,1,360
2014,5,23,33.5,24.5,76,1,360
2014,5,24,34.5,24.2,74,1,20
2014,5,25,32.5,25,80,1,360
2014,5,26,35.2,23.5,76,1,170
2014,5,27,33,23,78,1,180
2014,5,28,33.5,23.5,82,1,340
2014,5,29,33.4,22.9,81,1,340
2014,5,30,34,24.2,81,1,360
2014,5,31,34,25.8,78,1,40
2014,6,1,33,23.7,83,0,0
2014,6,2,34.2,24,78,1,180
2014,6,3,33.5,24.3,73,1,180
2014,6,4,34,24.1,77,1,180
2014,6,5,33,23.5,80,1,360
2014,6,6,31.6,22.8,81,1,200
2014,6,7,30.2,23.1,86,1,90
2014,6,8,33,23.7,82,1,180
2014,6,9,32.3,24,80,1,180
2014,6,10,33.8,24.5,82,1,270
2014,6,11,32,23.7,77,2,200
2014,6,12,32.7,26,67,1,180
2014,6,13,32,24.7,77,1,220
2014,6,14,32.5,24.2,80,0,0
2014,6,15,33,24,73,0,0
2014,6,16,34,24.8,76,1,180
2014,6,17,34.3,23.9,73,1,180
2014,6,18,31.8,22.4,91,1,350
2014,6,19,32.8,23.5,82,1,360
2014,6,20,31,23.1,84,1,180
2014,6,21,32,23.2,81,0,0
2014,6,22,32,22.7,83,1,180
2014,6,23,31.2,22.9,76,1,180
2014,6,24,33.4,22.4,78,1,240
2014,6,25,34.4,23.4,81,1,180
2014,6,26,27.5,23,91,1,180
2014,6,27,32.5,22.8,81,1,180
2014,6,28,32.5,23.2,79,1,180
2014,6,29,32,23.6,77,0,0
2014,6,30,32.5,23.7,86,1,90
2014,7,1,32,22.6,86,0,0
2014,7,2,34,24,75,0,0
2014,7,3,30.5,22.8,85,0,0
2014,7,4,30,23.2,91,0,0
2014,7,5,34,26.2,72,2,220
2014,7,6,32,24,78,2,220
2014,7,7,32.5,24,78,2,220
2014,7,8,32,24,88,1,180
2014,7,9,29.5,24,85,0,0
2014,7,10,30.5,22.9,87,1,180
2014,7,11,32,23.9,83,1,180
2014,7,12,32.5,24,82,1,120
2014,7,13,32,23.5,86,0,0
2014,7,14,31.4,24,82,1,20
2014,7,15,29.5,21.8,88,5,360
2014,7,16,29.5,23,86,2,160
2014,7,17,28,22,89,0,0
2014,7,18,30.5,22.5,86,0,0
2014,7,19,28.5,23.4,88,0,0
2014,7,20,32,23.4,82,0,0
2014,7,21,29,23,87,2,220
2014,7,22,28,23.5,92,3,220
2014,7,23,30,22,82,3,220
2014,7,24,30.5,22.5,88,0,0
2014,7,25,31.5,21.9,84,1,20
2014,7,26,31,21.2,85,2,360
2014,7,27,30.5,22,87,0,0
2014,7,28,29.8,23,82,1,220
2014,7,29,29.4,23.7,86,1,240
2014,7,30,30,24,83,2,220
2014,7,31,29,24.5,82,2,240
2014,8,1,31,25.9,79,1,220
2014,8,2,34,25.1,70,2,240
2014,8,3,30,25.2,75,2,220
2014,8,4,30.5,24.5,76,2,240
2014,8,5,27.6,24,78,3,240
2014,8,6,30.8,23.5,74,3,220
2014,8,7,32,21.5,72,2,220
2014,8,8,35,21.8,76,0,0
2014,8,9,34,21.2,78,1,270
2014,8,10,35.5,21.7,76,1,220
2014,8,11,35.6,22.8,77,1,90
2014,8,12,32,21.4,78,0,0
2014,8,13,33.2,21.5,89,1,180
2014,8,14,32.8,22.1,77,0,0
2014,8,15,35,24,80,1,90
2014,8,16,31,23,89,0,0
2014,8,17,31,22.7,85,1,220
2014,8,18,31,23.5,84,0,0
2014,8,19,31,24,91,0,0
2014,8,20,31,25.2,84,1,20
2014,8,21,31.4,22.8,84,1,20
2014,8,22,30,22.5,89,1,20
2014,8,23,33,23,87,0,0
2014,8,24,32,23,89,0,0
2014,8,25,31.5,22,86,1,180
2014,8,26,26.5,23,92,0,0
2014,8,27,30,22.8,82,1,40
2014,8,28,26.5,23.2,87,0,0
2014,8,29,29.5,22.1,95,1,20
2014,8,30,31,22.4,87,1,20
2014,8,31,33,22.3,83,1,20
2014,9,1,29,20,88,0,0
2014,9,2,28,21,89,0,0
2014,9,3,30,22.5,83,0,0
2014,9,4,28,21.5,93,0,0
2014,9,5,29.5,24,91,0,0
2014,9,6,30,21.8,88,0,0
2014,9,7,33.5,21.8,85,0,0
2014,9,8,29.8,22.4,89,0,0
2014,9,9,29,21.5,90,0,0
2014,9,10,29.2,22,85,1,90
2014,9,11,31.2,22.5,81,1,180
2014,9,12,33.5,24,81,0,0
2014,9,13,30,23,91,0,0
2014,9,14,26,22.8,95,2,180
2014,9,15,28,22.8,90,1,180
2014,9,16,30.2,22.2,88,1,320
2014,9,17,30.8,24,79,1,20
2014,9,18,30,22.5,89,1,220
2014,9,19,26.8,22.5,57,3,220
2014,9,20,30.5,21.7,84,1,180
2014,9,21,31.5,21.6,86,1,180
2014,9,22,31.5,21.8,85,0,0
2014,9,23,30.8,23.2,87,0,0
2014,9,24,31.5,25,81,0,0
2014,9,25,29,24.5,84,1,20
2014,9,26,29,23.8,89,1,360
2014,9,27,33,22.7,86,1,40
2014,9,28,33.5,23.5,84,1,40
2014,9,29,30,23.2,84,0,0
2014,9,30,30,25,83,1,20
2014,10,1,31,22.8,83,0,0
2014,10,2,30.8,22,90,0,0
2014,10,3,28.5,23.5,93,1,20
2014,10,4,29.8,23,93,1,360
2014,10,5,29,23.2,91,0,0
2014,10,6,31.5,23.6,87,1,40
2014,10,7,33,23.8,82,1,360
2014,10,8,26.8,22.3,93,1,360
2014,10,9,30.5,22.5,89,0,0
2014,10,10,30,22.5,91,0,0
2014,10,11,30,23,91,1,120
2014,10,12,30.5,23.2,89,1,90
2014,10,13,29,23,86,1,360
2014,10,14,29.8,23.2,90,1,20
2014,10,15,26.5,23,89,2,20
2014,10,16,27.8,23.9,84,3,360
2014,10,17,28,23.1,94,2,360
2014,10,18,28,23.8,94,2,20
2014,10,19,30.5,25,86,2,40
2014,10,20,29,24,86,1,20
2014,10,21,30.5,24.8,87,1,40
2014,10,22,30.5,24.2,83,1,40
2014,10,23,31,23.5,83,1,20
2014,10,24,31,24,87,2,360
2014,10,25,31,24.3,86,2,360
2014,10,26,30,22.5,91,1,360
2014,10,27,28.5,22.5,90,2,20
2014,10,28,28,23,86,2,20
2014,10,29,26,22.8,93,1,20
2014,10,30,27.5,23.5,87,2,20
2014,10,31,30,23.5,92,3,20
2014,11,1,29,24.5,88,2,40
2014,11,2,32,23.4,84,2,360
2014,11,3,31,22.5,86,2,360
2014,11,4,28,22.5,89,2,20
2014,11,5,27.5,22.6,87,1,20
2014,11,6,28.8,21.9,89,2,360
2014,11,7,29,23.1,91,3,360
2014,11,8,30.5,23,89,3,20
2014,11,9,28.5,22.8,87,2,20
2014,11,10,28.5,23,85,2,360
2014,11,11,28.5,23.2,85,3,20
2014,11,12,26.2,22.8,89,3,360
2014,11,13,29,22.8,85,1,20
2014,11,14,27,22,94,2,20
2014,11,15,30,24,92,2,360
2014,11,16,30.5,23,86,2,20
2014,11,17,29.5,24,87,1,20
2014,11,18,29.5,23,86,2,20
2014,11,19,29.5,22.5,89,1,20
2014,11,20,26,22,92,1,20
2014,11,21,29,23,89,2,20
2014,11,22,30,24.7,88,3,360
2014,11,23,29.5,23.5,89,1,20
2014,11,24,27.5,23,91,2,30
2014,11,25,29,23,88,2,30
2014,11,26,29.5,22.2,88,2,30
2014,11,27,29.5,23.9,90,1,30
2014,11,28,30,23,90,2,360
2014,11,29,29,23.2,92,2,20
2014,11,30,29.5,22.8,86,2,20
2014,12,1,26.5,23,90,1,20
2014,12,2,29.5,22,89,2,20
2014,12,3,29,23,90,2,20
2014,12,4,28,23.9,90,1,20
2014,12,5,27,21.5,88,3,20
2014,12,6,26.5,22.5,92,4,360
2014,12,7,26.5,21,91,5,360
2014,12,8,25.5,22,93,6,90
2014,12,9,26.5,22,93,1,360
2014,12,10,28.5,21,85,1,20
2014,12,11,29.8,22.9,83,1,360
2014,12,12,30,23,91,1,20
2014,12,13,30,23.8,93,2,20
2014,12,14,26,21.5,93,4,20
2014,12,15,28.5,22.8,90,2,20
2014,12,16,27.5,21.8,91,1,20
2014,12,17,25,21,92,5,20
2014,12,18,25.5,20.9,89,4,20
2014,12,19,26.5,21,93,3,20
2014,12,20,28.5,23.2,93,2,20
2014,12,21,28,22,93,3,20
2014,12,22,25.5,21,89,4,20
2014,12,23,25,22.5,93,4,20
2014,12,24,25,21,94,3,20
2014,12,25,25,22,93,3,20
2014,12,26,25,22,96,3,20
2014,12,27,25,22.5,93,4,20
2014,12,28,28,21.8,90,3,20
2014,12,29,27.5,21,87,3,360
2014,12,30,24,20.8,96,4,20
2014,12,31,24,20.9,92,3,360
2015,1,1,23,19.5,89,4,360
2015,1,2,24,20.1,83,4,360
2015,1,3,27,21,82,3,360
2015,1,4,28.3,22.3,85,2,40
2015,1,5,25.5,22.2,92,2,20
2015,1,6,27,20.2,79,2,20
2015,1,7,27,19.8,83,2,360
2015,1,8,27,20.8,81,3,40
2015,1,9,26.5,19,82,3,360
2015,1,10,27,20.8,79,2,360
2015,1,11,26,20,81,3,40
2015,1,12,26,22,84,3,20
2015,1,13,26.8,20.5,83,3,20
2015,1,14,28.5,20.2,80,1,20
2015,1,15,27,20.2,85,1,20
2015,1,16,28,20.5,82,4,20
2015,1,17,25,20.2,79,4,20
2015,1,18,23.5,17.2,93,1,360
2015,1,19,28,20.2,82,1,20
2015,1,20,27,20.5,82,1,20
2015,1,21,29,20.2,85,0,0
2015,1,22,27.5,20.8,85,1,20
2015,1,23,26,18.9,86,4,360
2015,1,24,24,21,80,3,360
2015,1,25,27.5,20,82,2,20
2015,1,26,27,21,78,2,20
2015,1,27,27,22,74,2,360
2015,1,28,27.5,21,83,1,20
2015,1,29,27,21.8,89,1,20
2015,1,30,27,20.9,83,2,360
2015,1,31,27.5,22.2,74,3,20
2015,2,1,26.5,20,81,3,20
2015,2,2,26,20,75,4,20
2015,2,3,27,20,74,2,20
2015,2,4,27,20.2,81,2,20
2015,2,5,27.5,20.5,81,1,20
2015,2,6,28,19.8,80,1,10
2015,2,7,29,20.5,79,1,20
2015,2,8,29.5,21,83,1,20
2015,2,9,28,20.2,77,4,20
2015,2,10,27,20,81,2,20
2015,2,11,27.5,19.5,85,0,0
2015,2,12,27.5,20.8,83,1,360
2015,2,13,24.5,20.5,91,3,20
2015,2,14,25,22,95,2,40
2015,2,15,28,21,86,0,0
2015,2,16,27.5,20,80,1,360
2015,2,17,28.5,20.8,80,1,20
2015,2,18,28,21,82,1,20
2015,2,19,28.5,20,82,1,40
2015,2,20,25,20,89,2,20
2015,2,21,25.5,21.2,83,1,20
2015,2,22,28,19.7,81,2,20
2015,2,23,28.5,21.4,78,1,360
2015,2,24,28.8,22.2,79,2,20
2015,2,25,29.6,22.2,83,1,20
2015,2,26,28.5,22,81,0,0
2015,2,27,30.5,21.9,79,2,20
2015,2,28,29.5,22.6,89,2,20
2015,3,1,30,22,81,2,40
2015,3,2,28,21,76,2,20
2015,3,3,28.5,21,80,1,20
2015,3,4,28.5,22.2,84,2,20
2015,3,5,28.5,21.9,83,1,20
2015,3,6,30,22,79,2,20
2015,3,7,28.5,21.8,81,2,20
2015,3,8,29,20.8,78,2,20
2015,3,9,28.5,20,72,1,20
2015,3,10,28.5,21.8,72,2,20
2015,3,11,28,21,85,0,0
2015,3,12,28.5,21,79,1,20
2015,3,13,29,21.9,79,1,40
2015,3,14,30.5,22.6,89,2,40
2015,3,15,29,21.2,83,1,40
2015,3,16,27.5,20,78,1,20
2015,3,17,29,21,72,1,20
2015,3,18,29,20.5,76,1,20
2015,3,19,29.5,21.5,78,0,0
2015,3,20,31.5,23.5,77,1,40
2015,3,21,30,23.3,91,2,20
2015,3,22,26.5,23,94,1,20
2015,3,23,29,22.5,84,1,20
2015,3,24,28.5,21.5,82,2,20
2015,3,25,29.5,22,81,1,360
2015,3,26,29.5,24.2,81,3,20
2015,3,27,30.5,22.1,82,2,20
2015,3,28,30,23,84,1,20
2015,3,29,30.5,22,83,2,20
2015,3,30,29.5,22,79,2,40
2015,3,31,29,23,80,1,360
2015,4,1,30,22.5,82,1,20
2015,4,2,30.5,21.8,77,1,40
2015,4,3,31.5,21,78,2,40
2015,4,4,32.5,24.5,79,1,40
2015,4,5,29,22.5,86,1,180
2015,4,6,30.5,23,81,1,40
2015,4,7,29.8,22.3,75,2,20
2015,4,8,30,22.5,79,1,20
2015,4,9,30,22.5,81,1,20
2015,4,10,30,22.1,82,2,40
2015,4,11,30.5,23.5,85,2,40
2015,4,12,31.5,22,77,1,360
2015,4,13,31,23,74,1,360
2015,4,14,30.5,23,74,3,20
2015,4,15,27.5,23,84,2,20
2015,4,16,30.5,24,81,0,0
2015,4,17,32,24,80,2,20
2015,4,18,33.5,24.5,79,2,20
2015,4,19,33.5,23.2,79,0,0
2015,4,20,33.6,24,74,1,180
2015,4,21,31,24,79,1,20
2015,4,22,31.5,23.2,77,2,20
2015,4,23,31,23.5,83,1,40
2015,4,24,29,23,85,2,20
2015,4,25,31.5,23.8,81,3,20
2015,4,26,31.5,23.5,80,2,20
2015,4,27,32,24,78,0,0
2015,4,28,31.5,20.2,78,0,0
2015,4,29,32.5,20.2,73,0,0
2015,4,30,33,24,76,1,40
2015,5,1,33,24,72,2,40
2015,5,2,32.5,24.8,76,2,40
2015,5,3,30,24,82,0,0
2015,5,4,31.5,22.8,78,1,20
2015,5,5,32.5,23.8,74,1,20
2015,5,6,33,23.5,69,1,90
2015,5,7,33,24,72,0,0
2015,5,8,33.5,23,73,2,40
2015,5,9,34.5,23.5,65,1,40
2015,5,10,35,23,73,1,40
2015,5,11,33.5,23,71,0,0
2015,5,12,33.5,24,77,1,180
2015,5,13,33,23.6,74,0,0
2015,5,14,33.5,23.9,71,1,20
2015,5,15,32.5,23.5,76,1,20
2015,5,16,33.5,25,69,2,40
2015,5,17,33.5,23,74,1,20
2015,5,18,33,21.5,74,0,0
2015,5,19,32.5,21,73,0,0
2015,5,20,34,23.5,72,1,170
2015,5,21,33.5,23.5,68,1,170
2015,5,22,32.5,23.8,77,0,0
2015,5,23,34,24.2,75,1,180
2015,5,24,34,23,77,0,0
2015,5,25,33,23.6,76,1,340
2015,5,26,35,23.5,74,0,0
2015,5,27,34,23,74,0,0
2015,5,28,33,23.5,73,1,240
2015,5,29,34.5,24,68,1,180
2015,5,30,34.8,24.5,70,1,220
2015,5,31,34.5,25,71,1,90
2015,6,1,34,23,76,1,360
2015,6,2,34,25,83,1,340
2015,6,3,34.5,24.5,79,0,0
2015,6,4,33,25,77,1,20
2015,6,5,31,24.5,82,1,20
2015,6,6,34,24.3,77,1,180
2015,6,7,34,24.5,79,0,0
2015,6,8,32.5,24.2,81,0,0
2015,6,9,33,23,88,0,0
2015,6,10,33,24,81,0,0
2015,6,11,33.5,25.1,76,1,20
2015,6,12,34,25.5,77,1,40
2015,6,13,32,25.3,85,2,40
2015,6,14,33.5,25,74,1,40
2015,6,15,33.5,25.6,73,1,20
2015,6,16,32,24.2,86,1,360
2015,6,17,32,23.8,83,0,0
2015,6,18,30,23,87,0,0
2015,6,19,32.5,23,84,0,0
2015,6,20,30,23.8,87,0,0
2015,6,21,32.5,23.5,78,1,220
2015,6,22,33,24,84,0,0
2015,6,23,34,23.2,87,0,0
2015,6,24,34,22.2,81,0,0
2015,6,25,32.5,23,82,0,0
2015,6,26,33.5,23,86,0,0
2015,6,27,34,23.5,87,0,0
2015,6,28,34,23.5,77,0,0
2015,6,29,33,23,83,0,0
2015,6,30,33.5,23,81,1,240
2015,7,1,33.5,23.8,82,0,0
2015,7,2,32.8,22.5,81,1,220
2015,7,3,33.5,23.9,81,0,0
2015,7,4,30,24.3,90,1,220
2015,7,5,28.5,22,89,2,220
2015,7,6,29.5,21.5,90,0,0
2015,7,7,33,24.3,79,2,220
2015,7,8,30,24,90,1,220
2015,7,9,30.5,23,88,1,220
2015,7,10,30,23,86,0,0
2015,7,11,31,25.5,83,2,220
2015,7,12,32.3,24,71,2,220
2015,7,13,33.5,23.8,72,1,240
2015,7,14,33,24.3,69,1,240
2015,7,15,31,24.6,71,2,220
2015,7,16,32.7,25.5,73,2,220
2015,7,17,32,25,78,1,220
2015,7,18,32.5,24.8,80,1,180
2015,7,19,32.5,22.8,87,1,180
2015,7,20,33,23.2,72,0,0
2015,7,21,33,24.4,69,1,20
2015,7,22,33.5,23.6,82,0,0
2015,7,23,30.4,21.8,86,1,220
2015,7,24,31.5,23,78,1,90
2015,7,25,30,22,89,1,180
2015,7,26,32.5,22,83,0,0
2015,7,27,29,22.2,84,1,360
2015,7,28,29,22.2,86,1,90
2015,7,29,32,23.8,81,0,0
2015,7,30,32,23.8,77,0,0
2015,7,31,32.5,23.5,83,2,20
2015,8,1,32,24,80,1,40
2015,8,2,32.5,25,79,1,40
2015,8,3,32.5,24,75,1,40
2015,8,4,32.8,23.7,80,0,0
2015,8,5,33.7,24,82,1,170
2015,8,6,33.2,22.5,83,1,180
2015,8,7,33,25,78,2,220
2015,8,8,29,23.8,85,2,240
2015,8,9,31.5,23,87,0,0
2015,8,10,30.5,23,81,1,220
2015,8,11,32,23.5,82,0,0
2015,8,12,32.8,22.2,85,0,0
2015,8,13,32,24,87,0,0
2015,8,14,30.5,23.5,86,0,0
2015,8,15,33,24.8,80,0,0
2015,8,16,33.5,23,81,0,0
2015,8,17,34,22.5,73,0,0
2015,8,18,33,23,86,0,0
2015,8,19,34.7,24.7,72,1,90
2015,8,20,31.3,24,74,4,220
2015,8,21,30,23.5,87,3,220
2015,8,22,28,23.2,87,2,240
2015,8,23,28.5,22.2,85,2,220
2015,8,24,32,22,81,1,180
2015,8,25,31.5,21.8,81,1,220
2015,8,26,32,22.5,81,1,180
2015,8,27,32.8,23.8,78,0,0
2015,8,28,32.5,22.9,82,1,90
2015,8,29,30,23.5,85,0,0
2015,8,30,32,23,84,0,0
2015,8,31,32,23.2,77,0,0
2015,9,1,32,23.2,77,0,0
2015,9,2,32.5,24.8,76,1,20
2015,9,3,32,22.1,85,0,0
2015,9,4,31.5,22.2,81,1,40
2015,9,5,31,22.5,85,0,0
2015,9,6,32,22,84,1,220
2015,9,7,32,22.2,83,0,0
2015,9,8,32.5,23.5,79,0,0
2015,9,9,34.5,22.5,81,1,90
2015,9,10,33.3,22.8,86,1,20
2015,9,11,30.5,22.5,87,0,0
2015,9,12,33,24,82,0,0
2015,9,13,31.3,22,89,1,290
2015,9,14,29,22,88,0,0
2015,9,15,32.5,23,76,1,40
2015,9,16,32.5,23.8,83,0,0
2015,9,17,33,23.5,82,1,40
2015,9,18,32,24,84,1,40
2015,9,19,33,24.2,76,0,0
2015,9,20,34.2,23.5,80,1,20
2015,9,21,30.5,22.5,83,0,0
2015,9,22,33,23,81,0,0
2015,9,23,33.4,23.8,81,0,0
2015,9,24,33.5,23.5,79,0,0
2015,9,25,33,24,80,0,0
2015,9,26,32.5,24.2,80,0,0
2015,9,27,33.3,23.4,86,0,0
2015,9,28,33,23.6,77,1,220
2015,9,29,31.3,23.8,86,1,220
2015,9,30,34,24,79,1,20
2015,10,1,31.4,21.2,86,0,0
2015,10,2,30,21.5,85,0,0
2015,10,3,32,24.3,81,0,0
2015,10,4,28,22,88,2,360
2015,10,5,30.5,23.2,88,2,20
2015,10,6,30.3,24,86,1,20
2015,10,7,32.5,22.3,81,1,20
2015,10,8,31,21,83,0,0
2015,10,9,32,21,83,0,0
2015,10,10,32.5,23.5,82,0,0
2015,10,11,33.5,24.4,82,0,0
2015,10,12,32.5,22,81,0,0
2015,10,13,31,24,84,1,360
2015,10,14,32.5,24.5,88,1,20
2015,10,15,32,20.5,90,1,360
2015,10,16,30,23,84,1,180
2015,10,17,27.5,24.6,89,2,220
2015,10,18,29.5,23,86,4,220
2015,10,19,32,21.5,83,2,220
2015,10,20,32.5,24,79,1,270
2015,10,21,33.7,20,72,1,220
2015,10,22,33,19.9,73,1,200
2015,10,23,32.5,20.1,70,0,0
2015,10,24,33,25.3,78,0,0
2015,10,25,33,23,79,0,0
2015,10,26,32.5,23.2,79,1,360
2015,10,27,30.5,24.5,80,1,360
2015,10,28,30.7,24.8,76,2,20
2015,10,29,32,23,75,2,20
2015,10,30,31.5,23,75,1,40
2015,10,31,29.5,24,88,3,40
2015,11,1,27,24.1,91,2,20
2015,11,2,29.5,23.3,87,1,20
2015,11,3,30,23,87,1,20
2015,11,4,30,24,83,1,20
2015,11,5,31,23.2,85,1,20
2015,11,6,30,23.8,85,1,40
2015,11,7,31.5,24.2,82,2,40
2015,11,8,31.5,22.8,83,2,360
2015,11,9,28,22.8,90,2,360
2015,11,10,30,23.8,84,2,360
2015,11,11,31.4,24,85,1,360
2015,11,12,31.7,22.8,88,1,40
2015,11,13,31,22.5,84,1,40
2015,11,14,30.5,23,84,2,20
2015,11,15,29,22.8,90,2,40
2015,11,16,29.8,23,87,1,20
2015,11,17,30,24.5,84,2,20
2015,11,18,31.5,23.8,89,1,20
2015,11,19,30.5,22.2,83,1,20
2015,11,20,31,23,83,2,20
2015,11,21,29.5,23,86,3,40
2015,11,22,30.7,22.5,81,3,20
2015,11,23,29,22.8,86,2,20
2015,11,24,30.5,23.5,81,3,20
2015,11,25,29,23.3,82,1,20
2015,11,26,30,22.9,77,1,360
2015,11,27,28.5,22.1,83,2,40
2015,11,28,28,23.5,91,2,20
2015,11,29,30,23,88,3,40
2015,11,30,29.5,22.8,82,2,20
2015,12,1,28.2,23.3,87,1,360
2015,12,2,29,23.2,84,1,40
2015,12,3,30.3,23.9,79,1,40
2015,12,4,28,24,88,2,40
2015,12,5,28,24,88,2,360
2015,12,6,32,24,85,1,20
2015,12,7,29,22.8,85,1,20
2015,12,8,29,24,86,2,40
2015,12,9,31,22.5,84,1,40
2015,12,10,31.3,23.9,77,0,0
2015,12,11,31,22.8,81,1,20
2015,12,12,30,24,84,2,40
2015,12,13,30.3,23,85,1,40
2015,12,14,29,23,85,4,360
2015,12,15,26.3,23.5,95,3,20
2015,12,16,27.7,22.2,93,1,110
2015,12,17,25,21,84,2,360
2015,12,18,26,21,93,2,20
2015,12,19,26,20.5,90,0,0
2015,12,20,29,21,88,1,360
2015,12,21,30,22,82,2,20
2015,12,22,29,22.2,84,1,20
2015,12,23,29.7,23.2,82,0,0
2015,12,24,30,21.6,76,1,360
2015,12,25,29.5,21.5,83,2,40
2015,12,26,26,22,90,1,20
2015,12,27,30,21,84,2,360
2015,12,28,28,20.5,76,2,20
2015,12,29,28,21.5,78,2,20
2015,12,30,28.5,23,81,1,20
2015,12,31,26,21,90,2,20
2016,1,1,27,21.5,91,2,40
2016,1,2,29.5,23.2,88,1,20
2016,1,3,30,21,87,1,20
2016,1,4,28,20.8,86,1,20
2016,1,5,29,20.8,83,1,10
2016,1,6,28.5,21.8,81,1,40
2016,1,7,29.5,21,82,0,0
2016,1,8,30,21,84,0,0
2016,1,9,29,22.8,87,1,20
2016,1,10,29.5,21,84,2,20
2016,1,11,28.5,21.8,84,0,0
2016,1,12,29.5,22.2,81,2,20
2016,1,13,29.7,22.6,83,0,0
2016,1,14,31,22,80,1,10
2016,1,15,28,21,87,0,0
2016,1,16,28,21.8,87,2,40
2016,1,17,30,17.8,79,0,0
2016,1,18,30,21,83,1,360
2016,1,19,29.5,23.2,87,2,40
2016,1,20,28.5,23,84,1,20
2016,1,21,29.5,22,84,0,0
2016,1,22,30.5,21,83,2,20
2016,1,23,32,24,77,1,60
2016,1,24,27,20,89,3,20
2016,1,25,24,18.8,86,2,20
2016,1,26,25,20,86,5,20
2016,1,27,27.4,22,83,1,40
2016,1,28,28,22,86,1,10
2016,1,29,28.5,21.2,88,2,20
2016,1,30,30,23.5,86,2,40
2016,1,31,28,22,90,3,40
2016,2,1,28.5,20.5,79,2,20
2016,2,2,28,22,79,2,20
2016,2,3,27.7,22,86,0,0
2016,2,4,31,22,83,0,0
2016,2,5,31.5,21,83,1,140
2016,2,6,25,21.5,90,4,20
2016,2,7,24.5,19,91,4,20
2016,2,8,24,17.8,87,5,20
2016,2,9,26,20.5,84,2,40
2016,2,10,29,22.7,82,1,20
2016,2,11,29,19.5,86,0,0
2016,2,12,30,19.9,81,1,40
2016,2,13,30,21,82,1,20
2016,2,14,30.3,21,79,2,10
2016,2,15,27.5,21,81,3,20
2016,2,16,26.3,22,88,3,360
2016,2,17,29.7,22.7,79,1,20
2016,2,18,29.7,20.9,76,0,0
2016,2,19,28,21,87,1,90
2016,2,20,30,22.5,82,1,40
2016,2,21,29.5,21.2,84,2,20
2016,2,22,29,21.5,81,1,20
2016,2,23,28.5,21.5,75,2,20
2016,2,24,29.7,23.2,79,2,20
2016,2,25,29,21,89,1,360
2016,2,26,25,22,90,4,20
2016,2,27,27,23,82,3,20
2016,2,28,26.7,22,85,1,20
2016,2,29,28.3,20.2,83,2,360
2016,3,1,26.4,21.4,89,4,20
2016,3,2,24.5,21.4,92,3,360
2016,3,3,27.8,21.8,90,3,20
2016,3,4,28,20.1,87,1,40
2016,3,5,31,22,85,1,20
2016,3,6,31.5,21,83,0,0
2016,3,7,31,23.5,87,0,0
2016,3,8,31,24,85,1,360
2016,3,9,31,24.5,86,0,0
2016,3,10,30.7,22.5,86,0,0
2016,3,11,30,22.1,83,2,40
2016,3,12,31,23,83,2,40
2016,3,13,32,23.2,83,1,360
2016,3,14,32,23,86,1,360
2016,3,15,31.8,24,85,0,0
2016,3,16,31.5,24.2,81,1,20
2016,3,17,31.5,22.5,87,0,0
2016,3,18,30.5,22.2,84,0,0
2016,3,19,31.5,23.5,79,1,40
2016,3,20,32,22,85,2,20
2016,3,21,32,22.5,85,1,60
2016,3,22,32.7,24,89,0,0
2016,3,23,31.5,21.7,83,1,20
2016,3,24,32.7,23,82,1,90
2016,3,25,32,23.5,79,0,0
2016,3,26,31.8,23,80,1,20
2016,3,27,30.3,22,86,2,360
2016,3,28,25,18.8,92,3,20
2016,3,29,26,22,94,1,360
2016,3,30,30.3,21.8,91,1,20
2016,3,31,30.5,22.5,85,1,360
2016,4,1,31,22,86,0,0
2016,4,2,31.5,23.7,78,1,40
2016,4,3,31.5,22,84,1,360
2016,4,4,31,23,85,1,20
2016,4,5,31,24.5,82,1,20
2016,4,6,30.5,23.5,84,1,40
2016,4,7,31.7,24.1,80,1,20
2016,4,8,30.5,23.6,87,0,0
2016,4,9,32,22.8,81,2,20
2016,4,10,32,20,81,0,0
2016,4,11,32,22.2,84,0,0
2016,4,12,31.5,24,84,0,0
2016,4,13,32,24.5,85,1,110
2016,4,14,32.8,24.5,81,0,0
2016,4,15,35,24,83,1,40
2016,4,16,32.5,25.2,83,0,0
2016,4,17,32,25,80,1,270
2016,4,18,31.8,22.8,84,0,0
2016,4,19,31,24.5,85,2,40
2016,4,20,31,24.7,82,1,70
2016,4,21,31.7,23,80,1,70
2016,4,22,33,23,81,2,40
2016,4,23,33.5,25,77,2,40
2016,4,24,32.5,22.5,79,0,0
2016,4,25,32.7,22.8,80,1,360
2016,4,26,32,24.8,79,1,20
2016,4,27,33.5,22.5,77,1,90
2016,4,28,32.5,23.5,80,1,360
2016,4,29,31,23,87,0,0
2016,4,30,33.5,25.4,80,1,20
2016,5,1,33.5,24.5,81,1,90
2016,5,2,34,25,78,1,360
2016,5,3,34,25,79,1,20
2016,5,4,34.5,25,79,1,20
2016,5,5,34,25,76,1,360
2016,5,6,33,25.5,81,1,40
2016,5,7,34,25.4,79,1,90
2016,5,8,34.5,25,77,1,40
2016,5,9,32,25,83,1,360
2016,5,10,33.5,25,82,0,0
2016,5,11,34.3,25.2,79,0,0
2016,5,12,34,25.5,85,0,0
2016,5,13,34.5,25.8,75,1,40
2016,5,14,35,25.3,81,2,20
2016,5,15,32.5,24.5,82,2,20
2016,5,16,34.5,25,82,1,20
2016,5,17,34,26,80,0,0
2016,5,18,30.5,24.7,84,0,0
2016,5,19,30.5,24,89,0,0
2016,5,20,33,25,86,0,0
2016,5,21,34,25.4,82,1,20
2016,5,22,34,25,85,0,0
2016,5,23,33,24.5,87,0,0
2016,5,24,32,24.5,87,0,0
2016,5,25,32,23.7,88,0,0
2016,5,26,32.8,25.1,87,0,0
2016,5,27,33,24,81,1,120
2016,5,28,33,24.2,84,1,180
2016,5,29,34.5,24,87,1,280
2016,5,30,35,25,79,0,0
2016,5,31,33.5,24,82,0,0
2016,6,1,30.4,24.8,87,0,0
2016,6,2,34,23.5,84,0,0
2016,6,3,34.5,24.1,83,1,120
2016,6,4,33.5,24.2,84,1,220
2016,6,5,34.8,24,83,0,0
2016,6,6,34,23,88,1,20
2016,6,7,33,23.3,85,0,0
2016,6,8,33,25,81,0,0
2016,6,9,33,24,82,0,0
2016,6,10,34,25.1,81,1,180
2016,6,11,34.5,24.2,84,1,180
2016,6,12,33.5,24,85,0,0
2016,6,13,33,23,81,1,120
2016,6,14,34,24.4,82,0,0
2016,6,15,34.7,24.7,80,0,0
2016,6,16,35,24,76,1,240
2016,6,17,32.5,25.5,81,1,40
2016,6,18,32.5,26,85,2,20
2016,6,19,34,24,84,1,360
2016,6,20,33,24,85,1,340
2016,6,21,32.5,24,85,0,0
2016,6,22,32.5,25,84,1,40
2016,6,23,33.3,22.9,84,1,110
2016,6,24,32.5,24.1,87,0,0
2016,6,25,30,23.8,89,0,0
2016,6,26,31.5,22,88,0,0
2016,6,27,31,24,83,0,0
2016,6,28,32.5,25.2,91,1,360
2016,6,29,31.5,24,86,1,20
2016,6,30,32.5,24.8,82,2,30
2016,7,1,33,25.5,85,1,40
2016,7,2,31,23.5,87,1,40
2016,7,3,32,23.5,89,1,360
2016,7,4,30,23,91,2,20
2016,7,5,32,22.5,91,1,310
2016,7,6,31.4,23.7,82,1,40
2016,7,7,33.3,24,81,3,270
2016,7,8,28.5,23.5,90,2,230
2016,7,9,30,24.3,88,2,240
2016,7,10,32,24.8,86,2,180
2016,7,11,30.5,24,90,1,220
2016,7,12,32,22,91,1,90
2016,7,13,32.5,23.7,88,1,180
2016,7,14,32.2,24.7,84,1,110
2016,7,15,33,24.2,84,1,160
2016,7,16,33.5,23.5,83,1,170
2016,7,17,33.5,23,85,2,320
2016,7,18,33.5,24,85,1,310
2016,7,19,33,25.2,83,2,40
2016,7,20,33.2,24.5,88,2,20
2016,7,21,33.7,25.2,81,1,20
2016,7,22,33,25,85,2,80
2016,7,23,31.8,23.3,89,1,90
2016,7,24,31,22,86,1,350
2016,7,25,32,24,84,1,310
2016,7,26,33,24.5,82,1,300
2016,7,27,33,25.5,75,1,40
2016,7,28,32,23.7,79,1,40
2016,7,29,31.5,24.8,84,1,40
2016,7,30,30.5,24.3,89,1,220
2016,7,31,29.5,24,86,3,220
2016,8,1,30,24,91,2,180
2016,8,2,29,23,89,2,190
2016,8,3,31.7,24.4,84,1,170
2016,8,4,33,24.2,79,1,320
2016,8,5,34,23.5,81,1,220
2016,8,6,30.2,23.5,91,1,40
2016,8,7,30,24,88,4,220
2016,8,8,29,23.8,85,3,250
2016,8,9,30,24.2,84,3,250
2016,8,10,28.5,24,87,3,190
2016,8,11,31,25,82,3,220
2016,8,12,30.2,24.5,84,2,250
2016,8,13,30.5,23.8,87,2,220
2016,8,14,30.5,24.7,87,3,220
2016,8,15,32,24,83,4,250
2016,8,16,32,25.4,81,3,250
2016,8,17,33,25,79,4,250
2016,8,18,33.3,25,76,3,240
2016,8,19,32.5,24.5,79,3,240
2016,8,20,32,24,84,1,140
2016,8,21,31,23.5,89,1,180
2016,8,22,30.8,23.8,86,1,200
2016,8,23,31.5,23.9,88,2,210
2016,8,24,32.3,25.2,82,3,240
2016,8,25,33.5,25.8,77,3,320
2016,8,26,34,24.5,79,3,250
2016,8,27,33,24,78,2,240
2016,8,28,32.5,25,80,2,250
2016,8,29,32.6,24,78,2,240
2016,8,30,34.3,22,78,2,240
2016,8,31,34,22.7,75,2,230
2016,9,1,32,22.8,81,1,270
2016,9,2,33.5,23.2,83,2,210
2016,9,3,35,23.8,75,1,340
2016,9,4,31,22.5,88,1,220
2016,9,5,32,23,85,2,220
2016,9,6,33,23.4,81,1,190
2016,9,7,33.7,23.3,80,1,190
2016,9,8,33,24.7,79,1,60
2016,9,9,32.5,25,86,1,80
2016,9,10,32,24,86,1,20
2016,9,11,32.5,24.8,86,1,50
2016,9,12,33,22.5,87,2,290
2016,9,13,32,23.3,82,1,220
2016,9,14,32,23.5,81,1,90
2016,9,15,33.7,25,82,2,40
2016,9,16,31.5,24.8,85,2,160
2016,9,17,31,23.5,89,1,160
2016,9,18,32,23,87,1,180
2016,9,19,32.5,24,88,2,190
2016,9,20,30,23.7,93,1,360
2016,9,21,32.5,23.8,88,1,40
2016,9,22,32,24.9,85,1,40
2016,9,23,30.5,23.4,88,1,60
2016,9,24,32,23.7,82,1,40
2016,9,25,31,23,88,1,180
2016,9,26,34,24,81,2,220
2016,9,27,34,24,76,3,240
2016,9,28,28.5,22.5,89,2,210
2016,9,29,32.2,23,90,1,60
2016,9,30,32.5,23,83,1,250
2016,10,1,30,23,88,1,180
2016,10,2,31,23.5,89,1,290
2016,10,3,32,22,89,1,90
2016,10,4,31,23,88,1,320
2016,10,5,26.3,22.5,91,1,20
2016,10,6,30,23.5,90,1,180
2016,10,7,30,24.1,88,1,190
2016,10,8,31,24,89,1,180
2016,10,9,32,24,87,1,360
2016,10,10,31,24,91,1,90
2016,10,11,32,23.5,91,2,40
2016,10,12,31.5,24.5,83,2,40
2016,10,13,31,23,92,2,40
2016,10,14,32,24.5,83,3,340
2016,10,15,28.5,23.5,86,3,220
2016,10,16,30,24,90,2,180
2016,10,17,29.5,23.5,88,2,180
2016,10,18,31,23.5,91,1,40
2016,10,19,31,24.3,81,3,290
2016,10,20,31.2,24.5,87,1,180
2016,10,21,31.5,24.1,86,1,150
2016,10,22,32,24.7,84,1,150
2016,10,23,32,24,85,2,40
2016,10,24,32.5,24,85,2,350
2016,10,25,31.8,24.2,80,2,40
2016,10,26,30,24,90,2,40
2016,10,27,29,24,93,2,20
2016,10,28,30,24.4,88,3,360
2016,10,29,30,24.6,88,3,20
2016,10,30,30,24,89,3,20
2016,10,31,30,22,91,3,20
2016,11,1,28.5,22.5,90,3,20
2016,11,2,28.5,23.5,94,3,20
2016,11,3,27.5,23,91,2,20
2016,11,4,27,23,93,2,20
2016,11,5,31.5,23.5,86,2,350
2016,11,6,31,22,89,3,40
2016,11,7,29,22,87,2,350
2016,11,8,30.5,23,84,3,20
2016,11,9,29.5,22.3,80,3,360
2016,11,10,28.5,23,93,2,360
2016,11,11,29,23,88,1,30
2016,11,12,30.5,23,87,2,40
2016,11,13,28.5,23,87,3,360
2016,11,14,31,23.5,83,3,360
2016,11,15,28,23.5,94,2,360
2016,11,16,31.5,24,85,2,40
2016,11,17,31.2,24,86,2,40
2016,11,18,30,24,91,2,40
2016,11,19,29.5,24,91,2,360
2016,11,20,32,23,89,2,40
2016,11,21,30.8,23.5,86,3,30
2016,11,22,29,23,91,3,360
2016,11,23,30.6,23.7,83,2,20
2016,11,24,27.5,23,85,4,360
2016,11,25,26.5,23,93,3,40
2016,11,26,30,24.5,91,1,80
2016,11,27,30,23.6,90,1,340
2016,11,28,32.5,24,86,2,20
2016,11,29,30,23.8,91,3,40
2016,11,30,29.7,23.5,88,2,20
2016,12,1,29,24,91,2,20
2016,12,2,26,23.5,93,2,20
2016,12,3,27.2,24,94,3,40
2016,12,4,30,24,86,3,20
2016,12,5,29,24,89,3,20
2016,12,6,29.5,24,84,5,40
2016,12,7,26.5,23.3,94,2,360
2016,12,8,28.8,24,91,2,40
2016,12,9,29.5,23.3,89,2,360
2016,12,10,30,23.8,88,2,20
2016,12,11,29,23.5,90,3,40
2016,12,12,29,23,92,3,360
2016,12,13,27,23,94,2,360
2016,12,14,28.5,23,88,2,360
2016,12,15,29.5,23,92,2,20
2016,12,16,26,22,92,3,20
2016,12,17,25,23,93,3,40
2016,12,18,26.7,23,94,3,30
2016,12,19,28,23,91,3,30
2016,12,20,28.5,22.8,87,3,40
2016,12,21,28.5,23.7,88,3,20
2016,12,22,30.5,24,85,3,360
2016,12,23,29,23.5,85,4,30
2016,12,24,28,23,88,4,20
2016,12,25,27.5,23,85,6,360
2016,12,26,28,23,94,3,80
2016,12,27,31,24,89,2,170
2016,12,28,30.5,24,86,2,10
2016,12,29,30.7,23,85,2,10
2016,12,30,30,23,87,4,40
2016,12,31,26,23.5,93,4,40
2017,1,1,28.3,22.5,89,3,40
2017,1,2,26,23,91,5,20
2017,1,3,28,23.5,88,5,40
2017,1,4,26,23,95,4,40
2017,1,5,25.6,23.2,93,3,40
2017,1,6,29,23,83,3,30
2017,1,7,28.5,22.6,86,3,360
2017,1,8,28.5,23,90,2,30
2017,1,9,28,22.5,90,4,20
2017,1,10,25.7,22.5,93,3,40
2017,1,11,25.5,22,93,4,40
2017,1,12,27,23,93,2,20
2017,1,13,29,24,88,2,40
2017,1,14,27.5,23.8,86,3,360
2017,1,15,28.5,21,87,4,20
2017,1,16,26.5,21,88,3,40
2017,1,17,27.4,22.5,80,3,40
2017,1,18,27.3,21.7,87,3,360
2017,1,19,28,22.8,84,3,20
2017,1,20,28.5,23,84,4,360
2017,1,21,28,23.3,84,4,360
2017,1,22,27,22.5,92,2,20
2017,1,23,29,21.8,85,2,30
2017,1,24,28,21.5,81,2,40
2017,1,25,26.8,21.2,92,3,20
2017,1,26,27.5,21,92,2,40
2017,1,27,27.5,22,89,3,360
2017,1,28,26.5,22.8,92,3,40
2017,1,29,26.5,22,93,3,20
2017,1,30,28,22,91,3,20
2017,1,31,28.5,23,92,3,360
2017,2,1,29.3,23.5,86,2,20
2017,2,2,28.3,21.8,87,3,40
2017,2,3,26,22.5,90,3,20
2017,2,4,26.5,21.7,88,3,20
2017,2,5,29,22,83,2,360
2017,2,6,28.2,22,86,4,10
2017,2,7,28,22.5,83,4,30
2017,2,8,29.5,22.2,80,3,360
2017,2,9,29.5,21,83,3,40
2017,2,10,26,20.3,83,3,40
2017,2,11,26.5,19.7,86,3,20
2017,2,12,26.5,19.5,92,2,40
2017,2,13,25,19.5,89,3,70
2017,2,14,26,19.1,82,4,40
2017,2,15,27.5,20,86,4,40
2017,2,16,27.7,21.9,87,3,20
2017,2,17,26,22.5,89,2,20
2017,2,18,30,23.6,88,2,20
2017,2,19,26.4,21.5,91,2,360
2017,2,20,30,23,87,3,20
2017,2,21,29,23,87,4,60
2017,2,22,26.3,22.7,90,3,40
2017,2,23,30.2,24.2,82,3,40
2017,2,24,28,23.5,90,2,360
2017,2,25,27,23.3,87,3,40
2017,2,26,30,23,87,2,40
2017,2,27,29.8,23,90,4,40
2017,2,28,28,23,87,3,40
2017,3,1,28,22.2,89,3,40
2017,3,2,28.6,21.5,87,3,20
2017,3,3,27,22.5,88,3,360
2017,3,4,27.5,21.8,88,2,360
2017,3,5,30,21.5,86,3,40
2017,3,6,28.5,21,84,3,10
2017,3,7,29.8,22.5,86,3,60
2017,3,8,28.8,23,86,4,40
2017,3,9,28.5,23,86,2,40
2017,3,10,29.5,22.9,87,4,360
2017,3,11,30,23.3,86,4,20
2017,3,12,30.5,22.5,86,3,40
2017,3,13,30,23,88,2,360
2017,3,14,32,24,82,3,10
2017,3,15,28.5,23,87,3,40
2017,3,16,29.5,22.6,84,2,60
2017,3,17,27.5,23.1,86,3,40
2017,3,18,28,21.5,85,3,40
2017,3,19,29.5,22.3,87,3,40
2017,3,20,29.5,23,87,3,10
2017,3,21,28.5,23,91,2,30
2017,3,22,31,23.5,83,2,150
2017,3,23,31,24,83,2,360
2017,3,24,32,24.2,84,2,360
2017,3,25,32.5,23.8,80,2,360
2017,3,26,31,24,87,3,10
2017,3,27,30,22,89,3,40
2017,3,28,28,22.5,88,4,40
2017,3,29,29.7,23.8,88,4,20
2017,3,30,30,23,85,3,30
2017,3,31,32,21.4,85,2,350
2017,4,1,32.5,23.3,85,2,360
2017,4,2,27.5,19.5,92,4,20
2017,4,3,25,20.5,91,4,20
2017,4,4,28,22.7,85,4,30
2017,4,5,29.7,23.5,86,3,30
2017,4,6,30.8,24,83,3,40
2017,4,7,30,24.5,86,3,40
2017,4,8,31,24,88,3,60
2017,4,9,32.5,23.5,81,2,180
2017,4,10,33,22,85,2,180
2017,4,11,32.7,22,85,1,330
2017,4,12,32,24,81,3,20
2017,4,13,32.5,24.8,82,3,360
2017,4,14,32,24.8,86,3,30
2017,4,15,31,23,86,2,40
2017,4,16,30,23.8,91,2,40
2017,4,17,32.2,23.6,87,2,350
2017,4,18,32.7,23.4,88,2,300
2017,4,19,32.5,23.2,81,1,180
2017,4,20,32.8,24.6,87,1,170
2017,4,21,32,23.2,88,1,220
2017,4,22,32.5,24.8,87,1,190
2017,4,23,32.4,24,89,1,290
2017,4,24,33,24.7,82,2,340
2017,4,25,33.2,24.5,83,2,30
2017,4,26,33.4,24,83,2,90
2017,4,27,34.7,24.2,82,1,40
2017,4,28,32,24.7,86,1,90
2017,4,29,33.5,24.2,85,1,150
2017,4,30,31,23,89,1,360
2017,5,1,33,24,88,2,330
2017,5,2,33,25,82,2,30
2017,5,3,33.5,25,82,2,40
2017,5,4,33.4,25.8,83,2,360
2017,5,5,34,25.5,81,3,360
2017,5,6,31,25,89,2,360
2017,5,7,33,24,85,3,40
2017,5,8,33.5,25,85,3,70
2017,5,9,33.7,25.5,85,3,40
2017,5,10,33.5,25,80,2,40
2017,5,11,31,25.4,86,2,40
2017,5,12,34,26,82,2,40
2017,5,13,33.5,25.3,81,2,360
2017,5,14,33,25.5,87,2,40
2017,5,15,33.8,24.2,82,2,40
2017,5,16,34.4,24.5,85,1,180
2017,5,17,33.8,24.6,86,2,170
2017,5,18,34.4,25.7,81,1,170
2017,5,19,33,25.2,85,1,120
2017,5,20,32,24.5,86,1,350
2017,5,21,35,24.5,90,2,220
2017,5,22,33.5,24,89,2,260
2017,5,23,32.5,24,89,1,160
2017,5,24,32.5,24.5,88,1,200
2017,5,25,29,25,89,1,200
2017,5,26,31.5,25.3,84,1,200
2017,5,27,33,24.4,87,1,160
2017,5,28,32.8,24.5,88,1,180
2017,5,29,33.5,25,83,2,40
2017,5,30,33.5,25,83,1,50
2017,5,31,34.7,24.7,84,1,180
2017,6,1,33.8,23.9,84,2,180
2017,6,2,32.4,22.8,90,1,190
2017,6,3,32.5,23.7,85,1,210
2017,6,4,33.2,24,83,1,180
2017,6,5,33,24.5,85,2,20
2017,6,6,33,25.3,84,2,20
2017,6,7,33,24.5,84,2,40
2017,6,8,33.5,24.5,82,2,80
2017,6,9,29.6,24,91,2,30
2017,6,10,29,25.2,91,1,270
2017,6,11,32,24.5,92,1,220
2017,6,12,32,24,84,2,210
2017,6,13,33.5,25.5,85,2,350
2017,6,14,34,24.2,83,1,180
2017,6,15,33.5,23.9,81,1,170
2017,6,16,33.5,24,85,1,190
2017,6,17,34,24.3,83,1,170
2017,6,18,33.5,24.8,87,1,300
2017,6,19,33,24,81,2,160
2017,6,20,33.5,24.3,80,1,270
2017,6,21,32.7,23.5,84,1,200
2017,6,22,32.3,23.5,91,1,190
2017,6,23,32.5,23.6,87,1,160
2017,6,24,33,23.5,81,1,180
2017,6,25,33.5,24,84,1,220
2017,6,26,33.5,23,84,1,210
2017,6,27,33,23.5,86,2,350
2017,6,28,32.7,21.5,78,1,40
2017,6,29,31,22,86,1,60
2017,6,30,33.5,22.9,81,1,40
2017,7,1,30,23.7,85,1,40
2017,7,2,32.7,20,90,1,140
2017,7,3,32,22,90,2,70
2017,7,4,29,23,89,1,270
2017,7,5,31,22.8,85,1,90
2017,7,6,32.5,24.5,89,1,40
2017,7,7,33,24.8,87,2,40
2017,7,8,32,25,84,1,50
2017,7,9,32,22,92,1,70
2017,7,10,29.5,22,88,1,160
2017,7,11,31,22,91,2,10
2017,7,12,30,22,87,1,50
2017,7,13,29,23,88,1,10
2017,7,14,29.8,23,85,1,230
2017,7,15,30.5,23.7,88,1,190
2017,7,16,29.7,21.5,91,1,310
2017,7,17,31,23,86,2,40
2017,7,18,29,22.5,88,3,350
2017,7,19,29.5,22,88,2,60
2017,7,20,28,22,90,2,320
2017,7,21,30,21.9,88,1,190
2017,7,22,32.2,22.5,84,1,240
2017,7,23,32.7,22,90,1,90
2017,7,24,31,21,87,1,20
2017,7,25,32,21.5,84,2,250
2017,7,26,29,22.2,87,3,220
2017,7,27,29.8,22.8,88,3,180
2017,7,28,29.5,23.1,89,3,240
2017,7,29,32,24,83,3,220
2017,7,30,32.5,25,84,3,220
2017,7,31,33,22,82,3,230
2017,8,1,34,22.5,83,3,240
2017,8,2,31.5,22,87,1,60
2017,8,3,32.5,22.1,86,1,260
2017,8,4,33,22.2,83,1,240
2017,8,5,32.5,23.3,87,1,180
2017,8,6,32,20.5,88,2,270
2017,8,7,32,21,84,2,180
2017,8,8,33,21.5,86,2,220
2017,8,9,32,20.9,86,1,170
2017,8,10,33.5,20.1,85,1,200
2017,8,11,31,20.9,87,1,180
2017,8,12,33.5,24.8,83,1,70
2017,8,13,32,21.2,85,1,360
2017,8,14,30,20.1,86,1,320
2017,8,15,33.5,21.1,85,1,60
2017,8,16,30.4,20.5,87,1,160
2017,8,17,33,21,85,1,40
2017,8,18,34,20.9,85,1,80
2017,8,19,29.6,23,93,1,220
2017,8,20,32,20,87,1,360
2017,8,21,32,23.8,91,3,240
2017,8,22,29.6,24,94,2,240
2017,8,23,32,24,88,1,190
2017,8,24,29.5,20.5,92,1,70
2017,8,25,28.5,20.1,96,2,200
2017,8,26,32.5,23,88,1,140
2017,8,27,31,20,86,1,350
2017,8,28,30,20.1,84,2,330
2017,8,29,29.2,23.4,91,1,290
2017,8,30,31.5,22.9,87,2,220
2017,8,31,30,20,89,3,220
2017,9,1,30.5,21,80,3,270
2017,9,2,33,23,84,2,240
2017,9,3,32,18,89,1,300
2017,9,4,32,20,88,1,180
2017,9,5,30,18,86,1,300
2017,9,6,32,18.1,88,1,200
2017,9,7,33.5,20,85,1,190
2017,9,8,33,21,81,2,30
2017,9,9,34,24.8,83,3,360
2017,9,10,33.6,20,87,2,40
2017,9,11,27.5,18,93,2,240
2017,9,12,28,19,95,3,170
2017,9,13,30,19,90,2,160
2017,9,14,31.5,18.5,88,1,210
2017,9,15,32.5,17,86,1,200
2017,9,16,33.5,24,85,1,160
2017,9,17,33.5,20,89,1,220
2017,9,18,32,18,89,1,340
2017,9,19,32,18,88,1,330
2017,9,20,31,17.9,85,1,120
2017,9,21,32,19,87,1,50
2017,9,22,31,17.1,89,1,350
2017,9,23,29.5,22.4,91,1,200
2017,9,24,32,20,84,2,40
2017,9,25,30,17.9,90,2,10
2017,9,26,30,18,87,1,340
2017,9,27,31.5,19,87,2,180
2017,9,28,30.8,20,89,1,100
2017,9,29,31.5,19,88,1,20
2017,9,30,30,24,94,2,20
2017,10,1,31,23,87,1,40
2017,10,2,30,19.5,86,2,70
2017,10,3,32,20,86,2,360
2017,10,4,31,21.5,85,2,50
2017,10,5,32,21,85,1,180
2017,10,6,32,22.1,85,3,360
2017,10,7,29.5,23.5,88,2,20
2017,10,8,28.5,22,93,1,360
2017,10,9,28,21,91,1,80
2017,10,10,30,21,93,1,10
2017,10,11,31.5,22,87,1,340
2017,10,12,31,23,89,2,220
2017,10,13,29,22.5,94,3,210
2017,10,14,29,24.2,94,2,180
2017,10,15,30,22.5,88,1,350
2017,10,16,31,23,87,1,340
2017,10,17,32,24,89,3,350
2017,10,18,29,22,88,2,20
2017,10,19,29.5,21.5,91,1,40
2017,10,20,32.5,21.8,89,1,40
2017,10,21,33,23.5,87,1,240
2017,10,22,32,23,88,1,40
2017,10,23,29,22,89,1,10
2017,10,24,30,22,88,3,10
2017,10,25,30.5,21.5,89,2,40
2017,10,26,28.5,20,94,1,50
2017,10,27,30,22,89,1,180
2017,10,28,30.5,24.5,89,1,40
2017,10,29,31,23,88,3,40
2017,10,30,28.5,22,92,2,20
2017,10,31,26,21,93,3,20
2017,11,1,28,22,94,2,40
2017,11,2,28,23.5,91,2,360
2017,11,3,31.5,21,90,2,20
2017,11,4,27.5,23.5,94,2,360
2017,11,5,31,24,89,2,40
2017,11,6,31,23,89,3,40
2017,11,7,30.5,23,89,3,20
2017,11,8,31,22.9,87,4,40
2017,11,9,26.5,22,93,3,10
2017,11,10,31,22.8,91,1,150
2017,11,11,32,24.2,89,3,40
2017,11,12,32,23,90,3,350
2017,11,13,29,24,91,3,360
2017,11,14,29.5,23.5,91,2,360
2017,11,15,31.5,23.9,88,2,360
2017,11,16,27,23,93,2,30
2017,11,17,29,24,91,1,20
2017,11,18,30.5,24.8,86,2,360
2017,11,19,32,23.5,89,2,20
2017,11,20,31.8,24,86,3,360
2017,11,21,31,24,89,2,360
2017,11,22,31.5,23.9,89,2,360
2017,11,23,28,23,92,3,30
2017,11,24,27.5,22.9,93,3,60
2017,11,25,29.5,24.3,92,3,20
2017,11,26,31,24,92,3,10
2017,11,27,30.5,24,88,3,40
2017,11,28,30,24,90,4,40
2017,11,29,28,23.9,90,3,20
2017,11,30,29.6,24,90,2,360
2017,12,1,30,23.3,91,3,20
2017,12,2,30,24.7,90,3,360
2017,12,3,31.5,23.5,86,3,360
2017,12,4,30,24,88,2,360
2017,12,5,27,23,94,4,10
2017,12,6,26.5,23,91,3,10
2017,12,7,27,23.8,95,2,20
2017,12,8,27.4,24,92,2,360
2017,12,9,30,23.5,89,2,360
2017,12,10,31.5,23,91,3,360
2017,12,11,28,22.5,96,3,10
2017,12,12,27,23,93,4,10
2017,12,13,28,23,91,4,20
2017,12,14,27,22.5,94,5,20
2017,12,15,27.5,22,86,3,360
2017,12,16,27.5,20.2,83,4,360
2017,12,17,25,22,93,5,20
2017,12,18,26.2,22.8,95,2,330
2017,12,19,30,23.5,91,3,40
2017,12,20,27,23,94,4,20
2017,12,21,26.5,23,93,5,20
2017,12,22,26,22,93,6,20
2017,12,23,27,23.2,96,3,360
2017,12,24,29,23.2,91,2,20
2017,12,25,29,22,91,4,20
2017,12,26,26.4,23,96,4,40
2017,12,27,26.5,22.8,94,3,20
2017,12,28,28.5,23,90,4,40
2017,12,29,27,22.8,87,4,20
2017,12,30,27,22.5,89,3,20
2017,12,31,29,22,88,3,360
2018,1,1,27.8,23,88,4,10
2018,1,2,27,21.8,93,6,40
2018,1,3,25,21,95,3,20
2018,1,4,28.5,24,91,3,40
2018,1,5,29.5,24,91,2,20
2018,1,6,28.5,24,89,3,30
2018,1,7,29.5,23,92,3,20
2018,1,8,29.8,23.5,88,2,10
2018,1,9,30,23.5,91,3,40
2018,1,10,30,22,90,3,20
2018,1,11,26,21,93,5,10
2018,1,12,25,19.5,94,5,360
2018,1,13,25.5,19.8,88,6,360
2018,1,14,28.5,21,93,4,360
2018,1,15,27.5,22.5,86,4,20
2018,1,16,27,21,95,3,20
2018,1,17,26,22,93,3,40
2018,1,18,31.5,22.5,90,3,40
2018,1,19,27.5,22.5,89,3,360
2018,1,20,29.5,23.4,87,3,360
2018,1,21,29.5,22,89,2,40
2018,1,22,30,22,91,2,40
2018,1,23,30,22.5,88,3,30
2018,1,24,29,23,92,2,360
2018,1,25,30,23.5,90,3,360
2018,1,26,30,23,91,3,40
2018,1,27,25,22.2,97,3,40
2018,1,28,27,21.5,94,2,20
2018,1,29,30,22,88,3,360
2018,1,30,25,21,96,3,20
2018,1,31,27,22.5,93,2,360
2018,2,1,30,23,87,2,30
2018,2,2,28.4,22,93,3,360
2018,2,3,25.5,21.7,90,3,360
2018,2,4,29,21.5,90,3,360
2018,2,5,29.5,21.8,86,3,360
2018,2,6,28,21.4,87,3,10
2018,2,7,29,20,91,1,70
2018,2,8,28,19,89,1,180
2018,2,9,29,19.6,89,1,50
2018,2,10,28,22.2,92,1,50
2018,2,11,30,23,92,3,40
2018,2,12,29,22.3,92,4,40
2018,2,13,25,20.5,93,5,40
2018,2,14,26,21.8,94,3,20
2018,2,15,30.5,24,88,2,40
2018,2,16,31,23,90,2,360
2018,2,17,30.5,23.5,86,3,360
2018,2,18,30.5,22.8,90,3,40
2018,2,19,30,24,89,3,360
2018,2,20,29,23.5,90,3,20
2018,2,21,28.5,23,91,1,50
2018,2,22,30.5,23.5,86,2,30
2018,2,23,30,23,86,3,20
2018,2,24,30.5,22.5,85,3,360
2018,2,25,28.5,22.5,91,3,360
2018,2,26,30,23.7,94,2,350
2018,2,27,29,23.5,93,3,360
2018,2,28,31,24,88,3,360
2018,3,1,32,22,85,2,70
2018,3,2,31,22.8,87,2,360
2018,3,3,32,24.2,88,1,30
2018,3,4,30,23.5,89,3,20
2018,3,5,32,24,86,3,10
2018,3,6,32,22.5,88,3,40
2018,3,7,32,22.8,85,3,40
2018,3,8,28.5,21,92,2,10
2018,3,9,25.3,21,93,2,30
2018,3,10,25,21.5,93,4,20
2018,3,11,27.5,22.5,87,3,360
2018,3,12,28.5,21.5,89,3,360
2018,3,13,29.5,22.8,87,3,350
2018,3,14,30,24,86,3,10
2018,3,15,30.5,24,86,2,10
2018,3,16,32,24,89,3,360
2018,3,17,30.5,23.8,88,2,20
2018,3,18,30,23.2,90,3,20
2018,3,19,33,23.7,88,2,350
2018,3,20,31,22.3,90,2,60
2018,3,21,32,23.4,86,3,40
2018,3,22,28,22,93,3,20
2018,3,23,27,22.8,84,4,20
2018,3,24,27.5,22.8,84,4,20
2018,3,25,30,22,87,4,40
2018,3,26,33,22.8,87,3,360
2018,3,27,28,23,87,3,350
2018,3,28,30.5,22,87,2,60
2018,3,29,30.5,23,85,2,60
2018,3,30,30.5,22.8,85,3,30
2018,3,31,26,22.7,92,3,360
2018,4,1,30,23,90,2,40
2018,4,2,33,23.5,87,3,30
2018,4,3,30.5,23.5,88,2,70
2018,4,4,29,23,89,2,30
2018,4,5,32,23.7,86,3,360
2018,4,6,31.5,23.7,86,2,360
2018,4,7,31,22.5,83,3,20
2018,4,8,29,22,93,5,20
2018,4,9,28,23,93,3,20
2018,4,10,31.5,23.5,91,2,350
2018,4,11,30.5,24,89,2,360
2018,4,12,31.5,24.5,89,3,50
2018,4,13,30.5,24,90,2,50
2018,4,14,32.5,24,87,2,30
2018,4,15,33,24,84,2,350
2018,4,16,32.5,24.2,86,3,350
2018,4,17,32,24,81,3,350
2018,4,18,31,24,86,3,40
2018,4,19,32,24.5,85,4,40
2018,4,20,31,24.5,86,3,30
2018,4,21,33,24.5,85,2,20
2018,4,22,32.5,25,88,3,40
2018,4,23,33,24.5,82,3,350
2018,4,24,32.5,24,87,2,360
2018,4,25,33,24.5,80,2,360
2018,4,26,32.5,24.5,84,2,10
2018,4,27,32.5,24.7,82,2,20
2018,4,28,32.8,24.5,83,3,40
2018,4,29,33,24.5,85,2,40
2018,4,30,33,25.4,82,3,40
2018,5,1,31.5,25,88,2,20
2018,5,2,32.5,25.8,85,3,20
2018,5,3,32,25.4,89,2,360
2018,5,4,32,25.3,85,3,360
2018,5,5,28,23.5,95,2,10
2018,5,6,33,23.5,86,2,40
2018,5,7,33.5,23.8,85,1,330
2018,5,8,34,24.8,85,1,120
2018,5,9,34.5,24.5,82,2,10
2018,5,10,33,24.8,84,3,350
2018,5,11,31,25,87,2,50
2018,5,12,33,24.5,83,2,360
2018,5,13,33,24.5,87,2,360
2018,5,14,32,25,86,2,350
2018,5,15,30.5,26,88,2,350
2018,5,16,34,25.9,84,1,60
2018,5,17,33,24.8,81,3,40
2018,5,18,33.5,25,85,1,80
2018,5,19,33.5,24.5,85,1,20
2018,5,20,33.5,24,88,2,40
2018,5,21,33,25.4,89,2,20
2018,5,22,32,25.5,89,2,360
2018,5,23,34,26,84,2,90
2018,5,24,31.5,25.8,87,1,40
2018,5,25,33.5,25,86,1,360
2018,5,26,31,25.3,90,1,40
2018,5,27,34,25.4,87,2,330
2018,5,28,34.2,26,82,2,360
2018,5,29,33,26.2,89,2,350
2018,5,30,31.8,24.6,90,2,30
2018,5,31,33,25.5,89,3,20
2018,6,1,33,25,89,2,360
2018,6,2,29,23.8,92,1,170
2018,6,3,34.8,24,77,2,40
2018,6,4,34.3,26,81,2,350
2018,6,5,33.5,25.3,84,2,50
2018,6,6,29.4,24.4,92,1,290
2018,6,7,31,24.6,86,1,150
2018,6,8,30,26,89,3,220
2018,6,9,28,23.8,91,3,210
2018,6,10,28.5,23.5,91,3,220
2018,6,11,30.5,24.5,82,3,240
2018,6,12,31.5,25,84,3,230
2018,6,13,30,26,86,2,230
2018,6,14,30,24.5,88,2,220
2018,6,15,32,25,85,2,180
2018,6,16,31.5,26,86,2,250
2018,6,17,32,24,85,2,200
2018,6,18,32,24.1,86,2,300
2018,6,19,32.5,23.8,87,2,150
2018,6,20,30.4,24.4,89,1,180
2018,6,21,32.5,23,88,1,180
2018,6,22,32,23.9,86,1,200
2018,6,23,32,23.8,89,1,150
2018,6,24,31,24,88,1,360
2018,6,25,32,24.5,92,1,360
2018,6,26,29,23,88,2,20
2018,6,27,30,23.2,89,1,190
2018,6,28,31.5,22.8,85,1,150
2018,6,29,34,24,81,1,210
2018,6,30,32,23.4,87,1,250
2018,7,1,32.5,22,85,2,220
2018,7,2,32.5,22.5,83,2,220
2018,7,3,32.5,22,87,2,40
2018,7,4,32,22,86,1,100
2018,7,5,31.4,22,85,1,40
2018,7,6,31.5,23.5,86,1,210
2018,7,7,29.5,23,94,2,190
2018,7,8,30.5,22,88,1,240
2018,7,9,32,23.5,91,2,180
2018,7,10,29.5,24,89,3,200
2018,7,11,32,24,82,2,250
2018,7,12,31.5,24,82,2,230
2018,7,13,32,22.5,86,2,140
2018,7,14,30,23.5,89,1,190
2018,7,15,32,23.2,89,2,220
2018,7,16,30,22,88,2,220
2018,7,17,28,23.8,91,3,220
2018,7,18,30,24,84,3,220
2018,7,19,32,25,79,4,240
2018,7,20,32,25.5,83,3,240
2018,7,21,32.5,23.5,83,3,240
2018,7,22,31,22.5,92,3,240
2018,7,23,32.8,23.8,88,1,250
2018,7,24,31,23.2,88,1,280
2018,7,25,31,22,90,1,310
2018,7,26,31,22,85,2,190
2018,7,27,29,23,94,1,220
2018,7,28,30.5,23.5,91,1,220
2018,7,29,31,22.8,88,1,270
2018,7,30,32.5,22.9,82,1,210
2018,7,31,32,23,86,2,160
2018,8,1,32.5,22.5,88,1,220
2018,8,2,32.3,23.2,87,1,230
2018,8,3,31.8,22.5,86,2,190
2018,8,4,30.6,22.5,87,1,170
2018,8,5,32,20.5,90,1,320
2018,8,6,31,20.5,88,1,150
2018,8,7,31.2,23.8,89,1,120
2018,8,8,30,23.5,91,2,240
2018,8,9,31,24.8,85,3,240
2018,8,10,31,23.6,84,4,220
2018,8,11,29,23.5,91,3,220
2018,8,12,30,22.5,89,4,220
2018,8,13,30,22.5,85,4,220
2018,8,14,32,24.8,86,4,220
2018,8,15,32.7,24.5,80,4,250
2018,8,16,33.5,24,80,3,240
2018,8,17,33.5,24.3,85,2,220
2018,8,18,32.2,24.8,87,3,230
2018,8,19,31.5,24.5,85,3,240
2018,8,20,32.8,26.2,84,4,230
2018,8,21,31,26,85,3,230
2018,8,22,33.8,24,78,3,190
2018,8,23,33.5,24.5,79,4,240
2018,8,24,33.3,25.8,77,4,250
2018,8,25,32,24.8,84,3,220
2018,8,26,31,23.5,87,2,250
2018,8,27,32,23.5,83,1,180
2018,8,28,31,22.5,87,1,180
2018,8,29,32.5,22.5,84,2,340
2018,8,30,33.3,22.1,80,1,160
2018,8,31,32.5,22.5,82,1,40
2018,9,1,32,23.8,86,2,360
2018,9,2,31.5,22,90,1,40
2018,9,3,32,22,91,1,210
2018,9,4,31,22,88,1,220
2018,9,5,32,22,91,1,360
2018,9,6,29,23,92,2,210
2018,9,7,31,23,83,2,180
2018,9,8,31.5,23.3,90,1,320
2018,9,9,34,22.6,86,1,210
2018,9,10,30.5,21.5,86,1,130
2018,9,11,31,23,89,1,190
2018,9,12,31,22.5,91,2,320
2018,9,13,30.2,23.8,89,1,260
2018,9,14,28,23,91,4,240
2018,9,15,29,24,93,2,180
2018,9,16,28.5,22.8,94,2,160
2018,9,17,30.2,22.8,88,1,60
2018,9,18,29.8,24,91,2,360
2018,9,19,29.5,23.8,89,1,20
2018,9,20,32.5,21,87,1,20
2018,9,21,29.5,23.3,91,1,360
2018,9,22,32,24.3,87,2,20
2018,9,23,32.5,23.5,85,1,20
2018,9,24,31.8,21.5,88,1,90
2018,9,25,33.5,23.5,85,1,180
2018,9,26,34,23,87,1,180
2018,9,27,33,22.1,84,1,180
2018,9,28,31.5,23.2,86,1,360
2018,9,29,33.5,21.5,85,1,220
2018,9,30,31.5,23,88,0,0
2018,10,1,32,23.8,88,1,10
2018,10,2,29.5,24.2,91,1,10
2018,10,3,30.7,22.5,89,1,70
2018,10,4,31.2,21.8,87,1,180
2018,10,5,32.5,22.5,89,1,180
2018,10,6,32.5,23,90,1,140
2018,10,7,32.5,23.2,85,1,360
2018,10,8,31.5,24,86,1,10
2018,10,9,31.5,24.4,87,1,10
2018,10,10,31.5,23.8,85,2,360
2018,10,11,32.5,24,84,2,20
2018,10,12,32,24.6,88,3,360
2018,10,13,31.4,24.5,84,2,360
2018,10,14,31,23.6,88,1,10
2018,10,15,32.5,22.8,91,1,10
2018,10,16,32,23.5,86,1,10
2018,10,17,33.5,23.5,81,1,70
2018,10,18,33.5,23,79,2,40
2018,10,19,32,24.3,80,3,360
2018,10,20,32.5,24,83,3,40
2018,10,21,28.5,23,90,4,20
2018,10,22,31,23.5,88,2,10
2018,10,23,33,23.8,83,2,360
2018,10,24,32,23,86,2,360
2018,10,25,31,23,87,1,40
2018,10,26,31.5,23.8,84,1,360
2018,10,27,31.5,23,81,2,40
2018,10,28,31.5,22.1,81,2,10
2018,10,29,31,22.9,78,2,40
2018,10,30,30.5,24.5,86,4,220
2018,10,31,31.2,22,89,2,290
2018,11,1,32.8,23.5,81,2,10
2018,11,2,32,24.6,84,2,360
2018,11,3,31.1,24,87,3,360
2018,11,4,31.5,23,86,3,360
2018,11,5,30.5,24.5,87,3,40
2018,11,6,31,24.3,90,3,40
2018,11,7,29.7,23.5,84,3,20
2018,11,8,30.5,23,84,4,40
2018,11,9,30,23,92,3,20
2018,11,10,28.5,23.2,90,3,40
2018,11,11,30,23,86,3,10
2018,11,12,29.6,23,87,2,360
2018,11,13,30.8,23.7,87,3,30
2018,11,14,30.7,22.8,80,3,20
2018,11,15,29.3,23.2,86,4,20
2018,11,16,31,23.4,84,2,360
2018,11,17,32,24,81,2,340
2018,11,18,31,23,86,2,20
2018,11,19,30.5,23.8,84,2,20
2018,11,20,28.5,24.2,88,3,360
2018,11,21,27.7,23,94,3,20
2018,11,22,31.5,23.6,84,2,50
2018,11,23,31.5,23.5,86,2,20
2018,11,24,31,23.5,86,2,360
2018,11,25,29,23.3,92,2,40
2018,11,26,30,22.8,84,3,360
2018,11,27,29.8,23.2,85,3,360
2018,11,28,29,23.1,91,3,40
2018,11,29,29,22.1,89,3,30
2018,11,30,28,22.2,89,3,360
2018,12,1,28.5,23.5,90,3,20
2018,12,2,28.5,22.3,89,3,40
2018,12,3,30,24,86,3,10
2018,12,4,30.5,25,86,2,30
2018,12,5,30.7,24,88,3,40
2018,12,6,30.5,23.8,85,3,20
2018,12,7,30,24,88,3,40
2018,12,8,30.5,23.5,87,3,20
2018,12,9,30,24,86,3,360
2018,12,10,30.2,23.5,89,2,360
2018,12,11,29.5,23.3,90,2,40
2018,12,12,30.2,23.2,80,3,20
2018,12,13,28.5,22.2,93,4,30
2018,12,14,26,23.2,93,4,40
2018,12,15,29,22.5,88,4,40
2018,12,16,27,22.8,91,3,360
2018,12,17,29,22.8,85,3,360
2018,12,18,28.8,22.2,85,3,40
2018,12,19,28.8,22.5,90,4,10
2018,12,20,27.3,22.5,84,3,360
2018,12,21,29,24.2,90,3,360
2018,12,22,30,23,92,3,40
2018,12,23,27.5,22.8,93,3,10
2018,12,24,29.5,23,88,2,30
2018,12,25,30.2,23,86,1,40
2018,12,26,31.2,21.4,86,2,350
2018,12,27,30,23.5,84,2,30
2018,12,28,27,21.5,93,4,20
2018,12,29,26.5,21.8,95,5,40
2018,12,30,27,22,94,2,40
2018,12,31,26,23,94,2,20
2019,1,1,27.5,22.5,92,3,30
2019,1,2,27.5,23.5,90,3,30
2019,1,3,28.5,23,86,3,40
2019,1,4,28,23,84,3,20
2019,1,5,29.5,23,84,3,360
2019,1,6,29.5,22,87,3,60
2019,1,7,27.5,22,84,3,60
2019,1,8,28,22.8,85,3,50
2019,1,9,27.5,22.8,90,2,20
2019,1,10,27.5,23,92,3,40
2019,1,11,28,23,87,2,40
2019,1,12,29.5,22.8,84,3,40
2019,1,13,27,22,92,2,40
2019,1,14,28.5,22.2,86,3,10
2019,1,15,29,21,85,3,350
2019,1,16,29,22.5,86,3,360
2019,1,17,28.5,22.5,85,3,20
2019,1,18,28,22,83,3,20
2019,1,19,29.5,22.8,84,3,30
2019,1,20,28,23,86,4,20
2019,1,21,27.5,22,86,5,20
2019,1,22,28,21.8,85,4,20
2019,1,23,27,22,93,4,10
2019,1,24,27.5,22.5,92,3,40
2019,1,25,28,21.5,88,3,40
2019,1,26,26,20.5,90,3,360
2019,1,27,26,20,91,3,40
2019,1,28,25.8,20.7,85,2,40
2019,1,29,26,20.2,84,3,40
2019,1,30,27,21.5,88,3,30
2019,1,31,28,22,87,2,360
2019,2,1,28.5,22,87,3,40
2019,2,2,27,21.5,85,2,40
2019,2,3,29,22,89,3,40
2019,2,4,28.2,21.5,89,2,360
2019,2,5,29,20,90,3,10
2019,2,6,29,21,90,2,40
2019,2,7,30,21,91,2,40
2019,2,8,30.5,22,94,2,40
2019,2,9,30,22.4,94,4,20
2019,2,10,28,22.5,94,2,20
2019,2,11,29,22,90,3,40
2019,2,12,28,21.5,86,3,30
2019,2,13,27.5,22,91,2,360
2019,2,14,29,20,90,3,360
2019,2,15,30,22,84,4,40
2019,2,16,29,21.6,86,3,20
2019,2,17,30,22,88,2,20
2019,2,18,29.5,22,84,2,360
2019,2,19,30.5,21.5,81,2,360
2019,2,20,30,21,78,3,40
2019,2,21,30.5,21.5,77,2,360
2019,2,22,30,21.5,81,3,40
2019,2,23,30.5,21.8,85,2,360
2019,2,24,30.5,22,86,2,40
2019,2,25,29,21.5,80,2,360
2019,2,26,30,20.2,84,2,40
2019,2,27,30,20.5,83,2,50
2019,2,28,30,21.5,81,2,40
2019,3,1,30.5,22,80,2,40
2019,3,2,30,22.2,79,3,360
2019,3,3,31,22,84,2,40
2019,3,4,32,23,80,3,50
2019,3,5,29,22.5,84,3,50
2019,3,6,31,23.5,80,3,360
2019,3,7,32.5,23,82,2,30
2019,3,8,32.5,22.9,75,2,60
2019,3,9,32.5,20.4,80,1,70
2019,3,10,32,19.5,81,2,180
2019,3,11,32,20.5,74,1,340
2019,3,12,31,22.5,81,2,360
2019,3,13,32,23,72,2,360
2019,3,14,33,22.5,76,2,50
2019,3,15,30,23,86,2,40
2019,3,16,32,23.3,80,2,40
2019,3,17,31,23,82,2,10
2019,3,18,31,23,81,3,360
2019,3,19,31.5,23,80,3,20
2019,3,20,32,23,81,3,40
2019,3,21,30,22.5,82,2,360
2019,3,22,33,23.5,75,2,360
2019,3,23,30,23,77,3,60
2019,3,24,30,23.2,77,3,30
2019,3,25,31,23,76,3,350
2019,3,26,29,23,80,3,360
2019,3,27,31,23.5,81,4,50
2019,3,28,33,23.5,77,3,360
2019,3,29,32,23,79,2,360
2019,3,30,31.5,22,77,2,30
2019,3,31,32,23,83,2,40
2019,4,1,30,22.5,79,3,40
2019,4,2,32.5,23,75,2,360
2019,4,3,31.5,23,79,2,30
2019,4,4,31.5,23.5,78,2,360
2019,4,5,33,23.5,79,2,360
2019,4,6,34,24.4,78,2,360
2019,4,7,33.5,25,77,2,40
2019,4,8,31.5,23.5,84,3,20
2019,4,9,33,23,87,3,30
2019,4,10,33,24,81,2,40
2019,4,11,31.5,24,83,1,180
2019,4,12,32.5,24,84,1,40
2019,4,13,33.5,24.5,80,1,130
2019,4,14,33.5,23,81,1,180
2019,4,15,32,24.5,84,1,140
2019,4,16,33.5,23,78,2,170
2019,4,17,33,23.9,78,2,210
2019,4,18,33.5,24,82,1,130
2019,4,19,33.7,24.5,76,1,50
2019,4,20,33,23.5,83,2,30
2019,4,21,33,24.5,84,2,360
2019,4,22,32.5,24.5,81,2,40
2019,4,23,32.5,25,79,2,40
2019,4,24,33.5,24,81,2,50
2019,4,25,34,24.5,72,1,40
2019,4,26,34.5,24,73,3,20
2019,4,27,33,24,78,3,360
2019,4,28,31.5,25,84,2,30
2019,4,29,34,24,81,3,40
2019,4,30,33.5,23.5,80,2,340
2019,5,1,34.5,24.5,80,1,170
2019,5,2,33,24,81,1,200
2019,5,3,31.5,22.5,88,1,320
2019,5,4,32,23.3,86,1,330
2019,5,5,32.5,23.5,87,2,210
2019,5,6,31.5,24.5,86,2,90
2019,5,7,32,23.5,89,1,330
2019,5,8,33,23,87,1,340
2019,5,9,30.2,24.3,91,1,300
2019,5,10,33,23.5,87,1,240
2019,5,11,33.5,23,84,1,210
2019,5,12,32,23,82,1,180
2019,5,13,34.5,24.5,79,2,190
2019,5,14,34.5,25,84,1,320
2019,5,15,32.5,23.5,85,1,60
2019,5,16,34.5,24,79,1,330
2019,5,17,33.4,23.5,87,1,310
2019,5,18,34,23.7,84,1,310
2019,5,19,35,24.5,81,1,220
2019,5,20,35,24,84,2,300
2019,5,21,34.5,24.5,87,1,220
2019,5,22,32,23.1,86,1,170
2019,5,23,32.5,24,86,1,200
2019,5,24,33,23.5,87,2,100
2019,5,25,32,24.3,84,2,90
2019,5,26,32.5,23,83,2,100
2019,5,27,33,24,85,2,360
2019,5,28,33.5,24.5,82,2,320
2019,5,29,34.5,24,83,2,170
2019,5,30,34.5,24,83,2,90
2019,5,31,34.5,25.9,84,1,60
2019,6,1,32,25.5,86,2,360
2019,6,2,34.8,25,80,2,340
2019,6,3,34,24.7,82,2,80
2019,6,4,34,25.5,77,2,40
2019,6,5,34,25,77,1,10
2019,6,6,33.5,26,79,2,40
2019,6,7,34,25.5,80,2,40
2019,6,8,33.8,25.3,77,1,150
2019,6,9,34,24,81,1,280
2019,6,10,33,25,82,2,220
2019,6,11,32,24.5,86,2,210
2019,6,12,33.5,25,84,1,170
2019,6,13,32.5,24.2,83,1,210
2019,6,14,33.5,24.5,84,1,210
2019,6,15,33,24.8,85,1,200
2019,6,16,33,24.7,83,2,180
2019,6,17,33.8,24.9,80,2,180
2019,6,18,31.5,25,89,2,350
2019,6,19,33,24.5,83,1,60
2019,6,20,33.5,24.5,83,1,130
2019,6,21,33.5,25,84,1,180
2019,6,22,34,24.3,82,1,180
2019,6,23,33.5,24,85,1,220
2019,6,24,33,24,87,1,270
2019,6,25,33,23.5,89,2,320
2019,6,26,31.5,23.8,92,1,180
2019,6,27,31,23,92,2,180
2019,6,28,32,25,85,3,220
2019,6,29,29.6,24.5,86,2,220
2019,6,30,32,25,84,2,230
2019,7,1,30,24,91,2,240
2019,7,2,30,23.7,92,2,180
2019,7,3,32.5,23.5,85,2,170
2019,7,4,31,23.5,86,1,330
2019,7,5,31.6,23,89,1,160
2019,7,6,33,23,84,1,200
2019,7,7,32.5,23.5,83,1,180
2019,7,8,32,23.5,85,1,180
2019,7,9,32,22.5,87,2,190
2019,7,10,33,23,85,1,140
2019,7,11,33.5,24,83,1,240
2019,7,12,34.5,23.5,82,1,80
2019,7,13,33,24,83,1,190
2019,7,14,32.5,23,92,1,180
2019,7,15,32,23.5,87,1,200
2019,7,16,29,24,88,2,250
2019,7,17,29.5,24,88,3,220
2019,7,18,30,24.5,86,2,270
2019,7,19,32,23.5,86,1,160
2019,7,20,34,24.1,85,1,180
2019,7,21,33.5,24,85,1,340
2019,7,22,31.2,23.5,87,1,150
2019,7,23,32.5,22.5,90,1,140
2019,7,24,31.5,24,84,1,110
2019,7,25,32,23,88,1,160
2019,7,26,34,23.5,84,1,110
2019,7,27,29,23,94,1,200
2019,7,28,29,22.5,88,1,180
2019,7,29,30,23.5,88,1,220
2019,7,30,32.5,22.5,85,2,190
2019,7,31,30.5,24,87,1,190
2019,8,1,33.5,24.5,85,4,270
2019,8,2,30,24,80,3,250
2019,8,3,26,23,93,3,220
2019,8,4,28.5,24,91,3,220
2019,8,5,29.7,23.5,88,2,180
2019,8,6,29,24.3,85,3,220
2019,8,7,30,25,89,3,220
2019,8,8,30,24,87,3,240
2019,8,9,30.8,25,85,4,240
2019,8,10,32,26,75,3,270
2019,8,11,33,26,76,4,240
2019,8,12,32,26,80,4,240
2019,8,13,34,25,71,4,230
2019,8,14,33,24,74,3,240
2019,8,15,34,23.5,72,3,220
2019,8,16,34.5,23.5,74,2,240
2019,8,17,34,24,75,1,360
2019,8,18,35.5,23.7,77,2,280
2019,8,19,34.5,24,87,2,140
2019,8,20,31.8,23.5,86,1,100
2019,8,21,33,23.5,84,1,150
2019,8,22,30,25,81,2,180
2019,8,23,30.5,23.5,79,3,240
2019,8,24,27.5,23.5,91,2,200
2019,8,25,30.5,23,93,1,220
2019,8,26,32,23,87,1,220
2019,8,27,30,23.5,91,1,360
2019,8,28,30.5,24,90,2,180
2019,8,29,32,23,90,1,170
2019,8,30,32.5,24,88,1,130
2019,8,31,30,23,91,1,180
2019,9,1,31.5,23,86,1,180
2019,9,2,30.5,25,81,2,220
2019,9,3,29.6,23.5,88,2,220
2019,9,4,31.5,24.5,82,2,200
2019,9,5,33.5,26,75,3,220
2019,9,6,33.5,26,68,3,230
2019,9,7,33.5,24.2,76,3,240
2019,9,8,32,26,75,2,230
2019,9,9,32.5,25,77,2,230
2019,9,10,32.5,24,81,2,220
2019,9,11,32,23.5,81,1,210
2019,9,12,27.5,24,91,1,240
2019,9,13,30,23.5,91,1,190
2019,9,14,31,23.5,91,1,220
2019,9,15,29.5,24,85,3,220
2019,9,16,29,24,88,3,220
2019,9,17,30,23.5,91,2,200
2019,9,18,30,24,91,3,220
2019,9,19,28.5,23,90,3,230
2019,9,20,28.8,23,94,2,220
2019,9,21,31.5,21.8,91,1,220
2019,9,22,32.5,22.4,86,1,180
2019,9,23,32,25,82,2,360
2019,9,24,32.5,25,78,3,20
2019,9,25,32,24.5,79,3,360
2019,9,26,33,24.2,77,2,60
2019,9,27,32,24,82,1,360
2019,9,28,33.5,23.5,83,1,50
2019,9,29,34.8,23.6,85,2,220
2019,9,30,32.5,23.5,84,2,260
2019,10,1,31,23,86,1,320
2019,10,2,31,21,87,1,330
2019,10,3,30.8,23,87,1,120
2019,10,4,31,23,82,2,10
2019,10,5,32.5,24.2,78,1,190
2019,10,6,33,24.5,82,2,360
2019,10,7,32,24.4,81,3,40
2019,10,8,31.7,24,79,3,40
2019,10,9,28.5,24,86,2,360
2019,10,10,32,23.5,80,2,50
2019,10,11,29,23.5,86,1,180
2019,10,12,31,24,79,2,360
2019,10,13,32,25,78,3,20
2019,10,14,32,23.5,81,3,20
2019,10,15,31.5,23,82,3,10
2019,10,16,32,24,81,3,360
2019,10,17,31,23.5,81,3,30
2019,10,18,30,24.5,85,2,360
2019,10,19,30,23.3,83,3,360
2019,10,20,29.5,23.3,88,2,360
2019,10,21,32,23.5,84,2,30
2019,10,22,32,24,77,2,50
2019,10,23,31.5,24.5,78,3,360
2019,10,24,32.5,24,78,3,20
2019,10,25,32,24.5,80,3,360
2019,10,26,28,24,91,4,360
2019,10,27,30,22.5,89,2,360
2019,10,28,29.5,23.8,89,2,340
2019,10,29,30,24,86,2,350
2019,10,30,31,24.5,83,2,360
2019,10,31,30,23.5,86,2,360
2019,11,1,28,23.5,91,2,360
2019,11,2,31,23.8,89,2,50
2019,11,3,31,23.8,86,2,40
2019,11,4,30.2,23.5,89,1,90
2019,11,5,32.5,24.5,83,2,40
2019,11,6,27.5,24,93,2,190
2019,11,7,30,23,89,2,170
2019,11,8,29.5,24,86,2,190
2019,11,9,32,23.3,86,1,180
2019,11,10,31,23,85,1,360
2019,11,11,32,23.5,90,2,350
2019,11,12,27,24,87,3,40
2019,11,13,28,24,80,3,360
2019,11,14,28,23.5,86,3,360
2019,11,15,32,23.5,84,1,10
2019,11,16,32.5,23,83,1,300
2019,11,17,34,24,80,1,220
2019,11,18,32.8,23,83,2,240
2019,11,19,31.5,22.8,86,2,170
2019,11,20,32,24,82,1,170
2019,11,21,31.5,24.5,86,2,10
2019,11,22,29,24,89,2,20
2019,11,23,30,24,89,3,360
2019,11,24,29.5,23,89,2,360
2019,11,25,28,23.5,92,4,20
2019,11,26,28.5,24,90,3,20
2019,11,27,29,24,89,3,20
2019,11,28,30,23,83,4,40
2019,11,29,28,23,86,4,20
2019,11,30,29,21.8,82,3,360
2019,12,1,29,24,82,4,360
2019,12,2,28,22.5,87,6,10
2019,12,3,25.8,23,92,6,100
2019,12,4,30.5,24,86,1,350
2019,12,5,32,24,83,2,360
2019,12,6,30,22.8,89,1,60
2019,12,7,31,22.2,80,3,360
2019,12,8,28,21,86,5,20
2019,12,9,28,23,83,3,10
2019,12,10,28,23,79,3,360
2019,12,11,27,23,87,3,10
2019,12,12,28,23,87,3,30
2019,12,13,29,24,87,3,20
2019,12,14,28,23.5,92,3,20
2019,12,15,29,23,88,4,40
2019,12,16,29,24,88,4,30
2019,12,17,29,24,88,3,20
2019,12,18,29.5,23.4,82,3,40
2019,12,19,30,23,84,2,40
2019,12,20,30.5,24,83,3,20
2019,12,21,29,22.8,85,3,360
2019,12,22,30,23.4,84,3,360
2019,12,23,28,22.5,87,3,10
2019,12,24,29,23,84,4,40
2019,12,25,27,24,94,2,40
2019,12,26,28.5,22,91,1,230
2019,12,27,31,24.6,82,2,350
2019,12,28,31,24,87,2,360
2019,12,29,30,23.5,87,2,360
2019,12,30,29.5,23.5,88,2,40
2019,12,31,28.5,22.9,87,3,40
2020,1,1,28,23.5,90,4,40
2020,1,2,27.5,24,84,4,360
2020,1,3,28,23,77,4,360
2020,1,4,28,22.5,86,4,40
2020,1,5,29,23,78,4,40
2020,1,6,29.5,23.5,78,4,360
2020,1,7,27.5,22.5,87,3,40
2020,1,8,28,22,87,3,20
2020,1,9,29,22.5,85,2,40
2020,1,10,28,22.6,87,3,40
2020,1,11,30,22.8,82,3,360
2020,1,12,30,22,81,2,40
2020,1,13,29.5,22.5,85,3,20
2020,1,14,28.5,23,81,4,40
2020,1,15,28.5,23.5,84,3,360
2020,1,16,29.5,24,82,3,360
2020,1,17,27.5,24.5,90,2,360
2020,1,18,28.5,23.5,87,2,20
2020,1,19,29,22.5,87,2,20
2020,1,20,28.5,21.5,83,2,360
2020,1,21,30,21,76,2,50
2020,1,22,29,22,81,3,40
2020,1,23,28,23,85,3,20
2020,1,24,26.5,23,88,2,360
2020,1,25,29,23,87,3,360
2020,1,26,30.5,21.3,85,1,350
2020,1,27,31.5,21.5,83,2,120
2020,1,28,31,20,78,2,330
2020,1,29,30,20,83,2,180
2020,1,30,29.5,21,83,3,360
2020,1,31,24.5,20.5,88,3,360
2020,2,1,26.4,20,88,3,360
2020,2,2,25,18.5,89,3,40
2020,2,3,28,18,81,2,360
2020,2,4,27.5,20.5,77,3,360
2020,2,5,29.5,22.2,85,3,40
2020,2,6,28.5,22,87,3,50
2020,2,7,26.5,22.4,93,3,360
2020,2,8,28,22.7,90,3,20
2020,2,9,25,20.5,89,4,20
2020,2,10,26,20.4,85,4,50
2020,2,11,28.5,20,80,4,40
2020,2,12,30,21.4,82,3,60
2020,2,13,29,22,87,3,360
2020,2,14,30.5,22.2,84,3,360
2020,2,15,31,22.3,82,2,360
2020,2,16,32,22.5,87,3,40
2020,2,17,29.5,20.7,86,3,20
2020,2,18,25,19.5,87,4,30
2020,2,19,26.4,20,82,4,20
2020,2,20,27,20.2,78,4,20
2020,2,21,27.5,21,83,5,40
2020,2,22,28,21.8,78,4,30
2020,2,23,28,21.5,87,4,40
2020,2,24,28,22.2,87,3,60
2020,2,25,29,21.6,83,3,30
2020,2,26,29,21.8,85,2,350
2020,2,27,28.5,21.4,87,3,20
2020,2,28,27.5,22.4,82,3,40
2020,2,29,28,23,84,3,20
2020,3,1,30,22,82,2,40
2020,3,2,29,22.8,84,3,20
2020,3,3,29,22.2,86,3,40
2020,3,4,29,23.1,84,3,360
2020,3,5,29,23.7,84,4,360
2020,3,6,31,24,79,3,20
2020,3,7,31.7,23.8,81,2,360
2020,3,8,32,24,83,1,40
2020,3,9,31,22,85,2,120
2020,3,10,32,23,84,2,230
2020,3,11,31,23,83,3,50
2020,3,12,31,24,82,2,360
2020,3,13,32,23,76,2,360
2020,3,14,32,22,76,2,50
2020,3,15,32,23,79,2,40
2020,3,16,28.5,22,87,3,40
2020,3,17,28,22.4,84,3,40
2020,3,18,30,22,82,3,40
2020,3,19,31,23.8,80,3,360
2020,3,20,32,23.8,80,2,40
2020,3,21,32.5,24.5,78,2,20
2020,3,22,32.8,24,77,2,360
2020,3,23,31,23,83,3,350
2020,3,24,32,22,82,3,10
2020,3,25,30,22.5,81,3,40
2020,3,26,32,23,77,3,30
2020,3,27,32.5,23.4,80,2,20
2020,3,28,33,24,77,1,40
2020,3,29,33,24,76,3,20
2020,3,30,32.2,24.5,79,3,360
2020,3,31,32,23.8,81,2,10
2020,4,1,33,23,80,3,40
2020,4,2,33.5,23,74,3,40
2020,4,3,32,24,74,3,360
2020,4,4,32.5,23.7,74,3,40
2020,4,5,33.3,23.8,71,2,360
2020,4,6,31.5,22.5,77,2,10
2020,4,7,32,22,79,2,220
2020,4,8,33,23.5,78,3,350
2020,4,9,31,24,81,2,350
2020,4,10,33,24.5,75,2,360
2020,4,11,30,24,83,1,20
2020,4,12,32,23,79,1,180
2020,4,13,32.3,22,83,4,50
2020,4,14,26.5,22,91,3,10
2020,4,15,31,22,84,2,20
2020,4,16,32.5,25,81,2,350
2020,4,17,30.5,24.7,84,2,40
2020,4,18,31.5,25,84,1,40
2020,4,19,33,24,84,2,30
2020,4,20,33.5,23.5,82,2,30
2020,4,21,31,22.5,85,2,30
2020,4,22,32,24.5,83,3,360
2020,4,23,31.5,24,78,3,40
2020,4,24,32,24,80,2,20
2020,4,25,33,25,80,2,20
2020,4,26,32.5,25,78,3,360
2020,4,27,32.7,23.8,80,3,10
2020,4,28,32,23,84,2,10
2020,4,29,32.5,24,81,3,30
2020,4,30,31.5,25,80,3,40
2020,5,1,33,24.5,77,2,20
2020,5,2,31.5,25,77,2,360
2020,5,3,32.7,24.8,85,2,40
2020,5,4,33,25,81,2,40
2020,5,5,32.5,24,80,2,340
2020,5,6,34,24.5,80,2,350
2020,5,7,34.5,25.5,78,2,20
2020,5,8,34.8,25.5,73,2,360
2020,5,9,34.5,25.5,70,2,40
2020,5,10,33,26,75,1,360
2020,5,11,34,26,75,3,40
2020,5,12,33.5,24,80,2,10
2020,5,13,33.5,25,76,3,10
2020,5,14,31,25,87,3,360
2020,5,15,27,23,92,4,270
2020,5,16,29.5,24.5,94,1,200
2020,5,17,31.8,25,89,2,170
2020,5,18,33,24.5,82,1,210
2020,5,19,32.5,23,83,1,190
2020,5,20,33.5,25,82,2,170
2020,5,21,33,25.4,82,1,150
2020,5,22,33,26,84,1,180
2020,5,23,33,23.5,89,1,180
2020,5,24,33,23.6,85,2,180
2020,5,25,32,24,80,1,140
2020,5,26,32.5,23.1,80,1,180
2020,5,27,33.5,24.5,83,1,180
2020,5,28,33,25,79,1,220
2020,5,29,33.7,25,78,1,220
2020,5,30,32.7,25,81,2,360
2020,5,31,33.5,25,76,2,40
2020,6,1,32.5,24,80,2,60
2020,6,2,33,22.6,83,1,40
2020,6,3,34,24,79,1,230
2020,6,4,35,25.4,72,1,40
2020,6,5,34.8,26.5,74,1,360
2020,6,6,34.5,26.5,75,2,350
2020,6,7,35.5,25,72,2,50
2020,6,8,33,24.5,81,2,190
2020,6,9,34,23,83,2,10
2020,6,10,30,24,89,2,10
2020,6,11,29.8,23.8,94,1,220
2020,6,12,28,23.7,93,1,180
2020,6,13,31.2,24.5,87,1,150
2020,6,14,33,25,79,2,350
2020,6,15,32,24.5,86,2,10
2020,6,16,33.5,23.5,81,2,10
2020,6,17,33,24,77,2,320
2020,6,18,33.5,25.5,81,2,40
2020,6,19,30.5,24,90,1,220
2020,6,20,31.7,23.5,84,2,220
2020,6,21,33,25,73,1,40
2020,6,22,32,24,81,2,280
2020,6,23,32,23,83,2,200
2020,6,24,32.5,24,83,2,320
2020,6,25,34,25.5,80,1,180
2020,6,26,30,25.5,82,1,40
2020,6,27,31,23,80,2,40
2020,6,28,32,23,87,1,100
2020,6,29,30,23.5,85,1,200
2020,6,30,32,21,88,1,230
2020,7,1,33,23.5,85,2,160
2020,7,2,32,24.5,86,1,20
2020,7,3,30.5,23.8,84,1,90
2020,7,4,30.5,23.5,88,1,180
2020,7,5,31.5,24,86,1,180
2020,7,6,32.5,23.5,86,1,90
2020,7,7,32,23.8,83,2,350
2020,7,8,33.5,25,80,2,30
2020,7,9,33.5,24.4,84,2,300
2020,7,10,32.5,25,82,1,20
2020,7,11,33,24,82,1,220
2020,7,12,32.5,24,89,1,90
2020,7,13,29,22,88,1,20
2020,7,14,32,22.2,83,2,340
2020,7,15,32,24.5,83,2,170
2020,7,16,33,25,79,2,350
2020,7,17,32.5,25.5,85,1,360
2020,7,18,33,25,83,2,360
2020,7,19,30,23,91,1,240
2020,7,20,32,25,81,2,360
2020,7,21,33.5,22,81,2,10
2020,7,22,32,24.5,87,2,10
2020,7,23,33.5,24,79,2,10
2020,7,24,33,24.5,82,2,40
2020,7,25,33.7,24,78,1,140
2020,7,26,33.6,25,82,1,70
2020,7,27,33.5,24.5,81,2,40
2020,7,28,31.5,22.5,83,2,20
2020,7,29,30,23,88,1,20
2020,7,30,30,24.5,90,2,250
2020,7,31,30,25.6,88,2,180
2020,8,1,29.2,22.7,93,1,170
2020,8,2,29,25,89,1,40
2020,8,3,32.5,23.5,82,2,130
2020,8,4,31.5,22,85,2,20
2020,8,5,31,24,84,2,20
2020,8,6,31,24.6,82,2,360
2020,8,7,31,23,91,1,220
2020,8,8,28,24,92,1,180
2020,8,9,28.4,22.5,85,2,240
2020,8,10,30,23.5,88,2,200
2020,8,11,30.5,23,86,1,40
2020,8,12,30,23.5,85,2,20
2020,8,13,32.5,23,86,1,50
2020,8,14,32,23,90,1,220
2020,8,15,31.8,22.5,93,1,300
2020,8,16,31.5,22.5,91,1,130
2020,8,17,30.5,22.5,84,1,140
2020,8,18,30,21.6,86,1,70
2020,8,19,31.5,22.5,88,1,200
2020,8,20,30,23,93,1,190
2020,8,21,32.4,24.5,86,1,220
2020,8,22,33,23,80,1,160
2020,8,23,34.5,24,79,1,320
2020,8,24,32,23,83,2,150
2020,8,25,33,22,82,2,320
2020,8,26,34.5,22,81,2,20
2020,8,27,35,23,75,1,330
2020,8,28,32.5,24,86,0,0
2020,8,29,34,24.5,77,1,290
2020,8,30,33,23.5,85,2,40
2020,8,31,32.5,22.5,82,1,180
2020,9,1,33,21.5,81,2,280
2020,9,2,33.5,22.5,82,2,320
2020,9,3,34,23.7,84,2,190
2020,9,4,34.7,23.7,80,1,180
2020,9,5,35.5,23.5,84,0,0
2020,9,6,34.3,23.5,91,1,280
2020,9,7,34,23,78,1,200
2020,9,8,32,22.5,84,1,320
2020,9,9,33,24,81,2,340
2020,9,10,30,24.4,85,1,310
2020,9,11,33.8,24.8,82,1,360
2020,9,12,28.7,22.5,90,1,20
2020,9,13,31.8,25.5,79,2,350
2020,9,14,33,22,81,3,60
2020,9,15,31.5,22.8,90,2,20
2020,9,16,28,24,92,1,240
2020,9,17,27,24,93,2,210
2020,9,18,29,24.7,89,1,180
2020,9,19,32.5,24,83,2,20
2020,9,20,33,23,82,2,40
2020,9,21,32,25,82,2,350
2020,9,22,32,22,85,1,200
2020,9,23,31.2,23.8,85,1,250
2020,9,24,30.8,23.4,89,1,350
2020,9,25,31,23.5,90,0,0
2020,9,26,31.5,25,85,1,180
2020,9,27,33,24,82,1,170
2020,9,28,33,24,86,1,190
2020,9,29,32,22,84,1,170
2020,9,30,33,23.5,85,1,170
2020,10,1,32.5,24.5,82,1,180
2020,10,2,31,23.5,88,0,0
2020,10,3,30,24.5,89,1,10
2020,10,4,33.5,25,80,2,50
2020,10,5,31.5,23,85,1,10
2020,10,6,32,22.2,84,2,10
2020,10,7,31.5,23,86,2,10
2020,10,8,27,22.8,94,2,360
2020,10,9,31,23.5,88,1,20
2020,10,10,31.5,23,91,1,20
2020,10,11,29.5,24,92,1,350
2020,10,12,30.5,23,88,1,20
2020,10,13,32,22,86,2,40
2020,10,14,26,23,93,2,360
2020,10,15,29.5,23.3,91,1,170
2020,10,16,31.5,24,84,1,40
2020,10,17,32,24.5,86,2,20
2020,10,18,30.5,24,89,3,360
2020,10,19,30,23,88,2,10
2020,10,20,27.5,22.4,91,2,230
2020,10,21,29,24.5,86,2,200
2020,10,22,30,22.8,89,1,200
2020,10,23,33,23,84,1,30
2020,10,24,31,23.5,92,1,10
2020,10,25,29.5,23,85,5,360
2020,10,26,25.5,23,91,2,140
2020,10,27,28,22.5,87,1,170
2020,10,28,32.5,22,85,2,240
2020,10,29,31.5,25,82,2,360
2020,10,30,30.5,24,84,3,40
2020,10,31,31.7,22,77,4,40
2020,11,1,26.6,22,89,5,360
2020,11,2,30,23,87,1,180
2020,11,3,31,22,87,2,10
2020,11,4,27.5,22.5,91,2,360
2020,11,5,28,22.5,92,2,330
2020,11,6,32,24.2,83,2,360
2020,11,7,29.5,23.5,89,3,20
2020,11,8,30,23,90,2,40
2020,11,9,30.5,23,84,2,60
2020,11,10,30,22,87,2,10
2020,11,11,28.2,23,92,4,180
2020,11,12,27.2,23.5,93,3,180
2020,11,13,31,24.8,87,1,180
2020,11,14,32,24.5,87,3,20
2020,11,15,31,24,88,3,10
2020,11,16,30,24,86,3,360
2020,11,17,30,22.5,86,2,20
2020,11,18,30,24,86,2,350
2020,11,19,30.5,23,85,2,30
2020,11,20,32.5,23.5,86,3,360
2020,11,21,30,23.5,88,3,360
2020,11,22,30.3,22.5,87,3,20
2020,11,23,29.5,23,85,4,40
2020,11,24,30,22,87,3,30
2020,11,25,28.5,22.5,80,4,40
2020,11,26,30,22.5,82,4,360
2020,11,27,28.5,24.3,91,3,20
2020,11,28,30,23,91,3,40
2020,11,29,29,23,94,3,40
2020,11,30,29.5,23,85,5,40
2020,12,1,28.5,22.3,85,5,10
2020,12,2,30,23.5,81,3,10
2020,12,3,30.5,24,88,3,20
2020,12,4,28.5,24,93,2,360
2020,12,5,30.5,24.4,88,2,20
2020,12,6,29.5,23,86,3,20
2020,12,7,28.5,23,90,2,30
2020,12,8,30,22.7,89,2,10
2020,12,9,29,23,86,3,350
2020,12,10,29,23.5,88,1,360
2020,12,11,31.5,24.2,86,2,20
2020,12,12,32,24.5,86,2,20
2020,12,13,31,23,86,3,360
2020,12,14,31,23.5,83,3,10
2020,12,15,30.8,23,87,3,20
2020,12,16,30,23,84,3,60
2020,12,17,28.5,23,90,3,20
2020,12,18,29,23,92,3,360
2020,12,19,26.5,23,93,4,40
2020,12,20,29,24,88,3,40
2020,12,21,30.4,23,89,2,10
2020,12,22,29.5,22.5,89,2,10
2020,12,23,31.5,23,84,2,350
2020,12,24,31,23,83,3,350
2020,12,25,30,24.5,87,3,20
2020,12,26,27.5,22.8,91,3,350
2020,12,27,26,22,95,1,40
2020,12,28,29.5,23.5,89,1,10
2020,12,29,31,23,86,2,10
2020,12,30,31.5,22,85,4,30
2020,12,31,26,21.2,91,5,20
2021,1,1,25,21.8,92,4,20
2021,1,2,26,22.5,94,4,20
2021,1,3,26,23,90,3,20
2021,1,4,29.5,23,89,3,30
2021,1,5,29.5,22.5,90,2,20
2021,1,6,29,22.5,83,3,40
2021,1,7,28.5,22.5,84,4,20
2021,1,8,27,22.2,89,4,360
2021,1,9,25,20.7,90,5,360
2021,1,10,26,20.4,87,5,360
2021,1,11,26,20.5,78,3,20
2021,1,12,26.5,20,82,3,10
2021,1,13,28.2,21.5,83,3,30
2021,1,14,28,22,85,3,10
2021,1,15,27.5,22,90,3,40
2021,1,16,29,23.3,80,3,360
2021,1,17,27.8,22,86,3,30
2021,1,18,27,22,92,4,20
2021,1,19,25,21.6,92,4,30
2021,1,20,27,22.5,91,2,340
2021,1,21,31,23.5,87,1,60
2021,1,22,30,23.5,89,1,360
2021,1,23,31,22.3,87,1,360
2021,1,24,30.7,24,84,2,360
2021,1,25,32.5,22.5,86,3,360
2021,1,26,31.5,23.2,90,3,360
2021,1,27,26.2,22,90,3,50
2021,1,28,27,21,83,3,20
2021,1,29,27.5,22.4,73,5,40
2021,1,30,27.5,19.4,73,4,360
2021,1,31,27.2,21,79,4,360
2021,2,1,29.5,22,85,4,360
2021,2,2,29,21,85,3,10
2021,2,3,27,21,88,4,10
2021,2,4,27,21.7,84,5,40
2021,2,5,27,21,92,4,20
2021,2,6,28,22.5,86,2,30
2021,2,7,30.5,23.5,85,3,20
2021,2,8,29,22,87,4,40
2021,2,9,27.5,21,90,3,40
2021,2,10,26,22,92,1,30
2021,2,11,29,22.5,88,1,360
2021,2,12,31,22.5,86,2,70
2021,2,13,30.5,22.6,91,3,360
2021,2,14,30.5,22,87,2,40
2021,2,15,29,22,86,3,360
2021,2,16,28.5,21,86,3,20
2021,2,17,28,21.4,81,3,350
2021,2,18,26,20,82,4,50
2021,2,19,24.4,20,79,4,20
2021,2,20,26,20.6,78,4,360
2021,2,21,29,21.5,86,4,360
2021,2,22,25,22,92,3,10
2021,2,23,29.5,22,86,2,10
2021,2,24,30,22,86,2,40
2021,2,25,30.5,22.4,84,2,340
2021,2,26,31.5,22.5,80,2,10
2021,2,27,31.5,24.3,84,3,50
2021,2,28,31,24,85,2,40
2021,3,1,30,23,82,2,350
2021,3,2,31.5,23.8,84,3,360
2021,3,3,29,23,89,3,10
2021,3,4,30,22,85,2,40
2021,3,5,31.5,22.5,82,2,10
2021,3,6,31,23,82,2,360
2021,3,7,30,22.5,86,3,360
2021,3,8,26.7,22,92,3,10
2021,3,9,28.5,21.5,89,3,30
2021,3,10,29,22,83,4,20
2021,3,11,29,22.3,86,4,40
2021,3,12,26.5,20.5,90,2,20
2021,3,13,27,21.5,93,4,20
2021,3,14,29.5,22,89,4,360
2021,3,15,29.5,23,90,2,360
2021,3,16,31.7,22.2,83,2,360
2021,3,17,32,23.8,82,2,350
2021,3,18,33.5,22.5,82,3,50
2021,3,19,33.5,22.5,80,2,10
2021,3,20,33,24.5,85,2,20
2021,3,21,33,24.5,80,2,40
2021,3,22,29.8,22.8,89,3,30
2021,3,23,33,22.5,87,3,30
2021,3,24,29,23,91,3,20
2021,3,25,31,23.6,83,3,20
2021,3,26,33,22.8,90,2,20
2021,3,27,32,23.8,83,2,40
2021,3,28,33,24,81,2,40
2021,3,29,32.7,24,78,3,360
2021,3,30,32.7,23.8,82,3,40
2021,3,31,33,24,86,2,350
2021,4,1,33,22.2,81,3,360
2021,4,2,30,23,78,2,10
2021,4,3,33,24,79,2,360
2021,4,4,32,22,85,2,20
2021,4,5,32,24,84,3,30
2021,4,6,29,22,85,3,40
2021,4,7,30,23,85,3,20
2021,4,8,32,22,83,3,360
2021,4,9,30,21.4,83,3,10
2021,4,10,30,23.2,78,3,360
2021,4,11,31,21,84,3,360
2021,4,12,31,22.8,85,3,50
2021,4,13,30.5,22.5,84,2,10
2021,4,14,30.5,23,88,3,20
2021,4,15,28.5,24,93,2,360
2021,4,16,32.5,23,83,2,10
2021,4,17,32.4,24.5,79,3,360
2021,4,18,32,22,80,2,360
2021,4,19,30.5,22.5,79,2,300
2021,4,20,30,23,83,2,10
2021,4,21,32,21,85,2,350
2021,4,22,33.5,23.3,83,2,250
2021,4,23,33.5,22.5,81,1,190
2021,4,24,33,22.4,83,1,360
2021,4,25,32,21.5,88,1,360
2021,4,26,29.5,22,82,2,10
2021,4,27,28.5,21,85,3,20
2021,4,28,29,22,87,3,350
2021,4,29,31,23.3,88,1,340
2021,4,30,32,23.2,80,2,10
2021,5,1,32.5,24.3,81,2,40
2021,5,2,32,23.5,81,3,40
2021,5,3,29.5,23,83,3,10
2021,5,4,29,22,90,3,40
2021,5,5,30.8,24,90,3,30
2021,5,6,30,24.8,89,3,10
2021,5,7,32,23.3,85,3,10
2021,5,8,33,25,82,3,40
2021,5,9,33,24.5,82,2,360
2021,5,10,29.5,24,85,2,30
2021,5,11,30,24.5,84,2,360
2021,5,12,32,24,85,3,350
2021,5,13,30.6,24.5,86,3,20
2021,5,14,33,26,81,3,40
2021,5,15,33.8,26,79,1,20
2021,5,16,33.5,24,80,2,360
2021,5,17,31,25,78,2,30
2021,5,18,31,24.5,88,2,120
2021,5,19,32,24.8,86,2,360
2021,5,20,31,24,89,2,350
2021,5,21,33.5,24,86,1,50
2021,5,22,33.7,24.2,80,1,360
2021,5,23,34.5,24,78,2,360
2021,5,24,31,25,83,1,340
2021,5,25,32,25,81,3,360
2021,5,26,32,23.8,82,2,10
2021,5,27,33,24.8,77,2,340
2021,5,28,33.2,25,75,1,10
2021,5,29,34.8,25.7,76,0,0
2021,5,30,34.5,25,78,1,360
2021,5,31,33,26,77,1,10
2021,6,1,34.7,24,77,3,360
2021,6,2,29,24.6,95,3,100
2021,6,3,31,23.8,89,2,200
2021,6,4,30,22.5,83,2,10
2021,6,5,32,24,79,1,360
2021,6,6,34,23.5,84,1,360
2021,6,7,31,22.8,83,2,190
2021,6,8,30,22,85,2,180
2021,6,9,29.8,23,92,1,50
2021,6,10,30,24,86,1,180
2021,6,11,30,23.5,86,1,10
2021,6,12,30,22.5,89,1,360
2021,6,13,31.5,23,85,1,360
2021,6,14,30,23,87,2,220
2021,6,15,30.8,22.6,81,2,10
2021,6,16,32,23.6,82,2,180
2021,6,17,33,24.2,77,2,300
2021,6,18,33,22.8,78,1,180
2021,6,19,33,24.5,74,1,360
2021,6,20,32,23.5,78,1,360
2021,6,21,32,22.8,75,2,210
2021,6,22,32,22,78,1,220
2021,6,23,32,23.8,82,2,310
2021,6,24,31.5,24.8,87,1,200
2021,6,25,32.5,24,86,1,10
2021,6,26,32,23.5,81,1,360
2021,6,27,32,23,82,0,0
2021,6,28,32,23,83,2,170
2021,6,29,32.2,23,80,1,220
2021,6,30,33,23.8,83,1,290
2021,7,1,33,23.8,85,2,70
2021,7,2,31.5,23.5,82,1,40
2021,7,3,27,23.8,93,1,360
2021,7,4,32,24,86,1,360
2021,7,5,29.5,23,90,2,170
2021,7,6,29.5,23,88,1,320
2021,7,7,33,23.6,83,2,10
2021,7,8,30.4,23,91,2,40
2021,7,9,31.3,23.5,86,2,10
2021,7,10,29.5,24.8,87,2,20
2021,7,11,31,24,90,2,20
2021,7,12,32,24.5,89,2,350
2021,7,13,29.5,22.7,89,2,30
2021,7,14,30,23.2,86,1,10
2021,7,15,30.6,23.8,91,2,360
2021,7,16,30.4,22.5,86,1,10
2021,7,17,32,23.7,82,1,360
2021,7,18,32.5,25,80,2,220
2021,7,19,30.5,24,77,3,250
2021,7,20,30,23.8,80,3,230
2021,7,21,28,23,91,3,230
2021,7,22,26,23,94,4,240
2021,7,23,29,23,88,3,220
2021,7,24,29,23.5,89,3,220
2021,7,25,30.5,25,80,3,220
2021,7,26,31.3,24.5,74,3,250
2021,7,27,31,24.5,80,3,250
2021,7,28,32,24,82,3,240
2021,7,29,30,24,77,3,230
2021,7,30,33,24,76,3,220
2021,7,31,32.5,27,75,3,220
2021,8,1,31.5,26,71,4,270
2021,8,2,32,26,71,5,250
2021,8,3,31.2,23,74,4,220
2021,8,4,32,24.5,76,3,220
2021,8,5,33,25,72,3,230
2021,8,6,32,25,73,2,260
2021,8,7,33.5,24.8,69,2,270
2021,8,8,33,23,78,1,360
2021,8,9,31.5,23,83,1,300
2021,8,10,29.5,22.5,89,1,230
2021,8,11,30,22.6,88,1,320
2021,8,12,31,25,81,2,180
2021,8,13,30.2,24,84,1,110
2021,8,14,31,23,84,1,360
2021,8,15,29,22,88,1,360
2021,8,16,30,24.5,78,2,30
2021,8,17,30.8,22,87,1,40
2021,8,18,31,23,88,1,350
2021,8,19,32,23.5,83,2,170
2021,8,20,31,23,88,1,250
2021,8,21,30.5,22.8,83,1,360
2021,8,22,32,23,80,1,360
2021,8,23,30.5,24,85,2,150
2021,8,24,30,22,87,2,210
2021,8,25,29,23.8,83,2,360
2021,8,26,27.5,23,94,2,350
2021,8,27,29.2,22.5,84,2,40
2021,8,28,31.1,25,86,2,360
2021,8,29,29,23,91,1,360
2021,8,30,30,23,88,1,10
2021,8,31,29.5,22.5,89,2,310
2021,9,1,30,21.5,88,1,350
2021,9,2,29.6,23,91,1,320
2021,9,3,31,22,86,2,160
2021,9,4,31,23,92,1,360
2021,9,5,30.5,23,88,1,360
2021,9,6,31.5,23,84,2,350
2021,9,7,27,23.2,94,3,360
2021,9,8,26.4,20,95,2,330
2021,9,9,31,23.8,89,1,180
2021,9,10,31,22.8,87,2,230
2021,9,11,29,23.8,87,2,180
2021,9,12,29.5,23.8,88,1,360
2021,9,13,31,22.8,87,1,220
2021,9,14,31,23,82,2,60
2021,9,15,32,23,83,2,350
2021,9,16,30,22.5,83,3,40
2021,9,17,30.3,23.8,86,2,10
2021,9,18,31,23.5,87,2,20
2021,9,19,27,23.5,90,2,360
2021,9,20,30,23,91,2,350
2021,9,21,30,22.5,84,2,30
2021,9,22,29.6,22.8,90,2,350
2021,9,23,32,24.2,86,2,60
2021,9,24,30.1,23.4,87,3,10
2021,9,25,31,24.4,86,2,20
2021,9,26,32,22.5,81,2,360
2021,9,27,29.5,22.5,88,1,20
2021,9,28,29.8,23.4,88,2,10
2021,9,29,29.4,21,88,1,40
2021,9,30,29.8,23,94,1,310
2021,10,1,30.3,23.3,90,1,10
2021,10,2,30.2,24,86,2,360
2021,10,3,30.5,22,88,2,360
2021,10,4,28.5,22.5,87,3,40
2021,10,5,27.5,22,90,1,10
2021,10,6,30,21,89,1,350
2021,10,7,31,23.5,91,1,360
2021,10,8,29.4,22.2,93,1,10
2021,10,9,31.3,23,87,1,360
2021,10,10,33,22,82,1,360
2021,10,11,30.6,22.5,80,4,210
2021,10,12,29,23,86,2,210
2021,10,13,30,22,91,1,40
2021,10,14,29,23.7,93,1,360
2021,10,15,28.8,23,91,1,10
2021,10,16,29,24,93,2,360
2021,10,17,29,23,91,2,360
2021,10,18,28,23,91,3,20
2021,10,19,30.5,24,83,3,40
2021,10,20,29,24,86,2,20
2021,10,21,28,24,90,2,360
2021,10,22,30,23.8,80,2,10
2021,10,23,25.5,24,94,2,360
2021,10,24,27.5,22.5,91,3,360
2021,10,25,26,22.8,92,2,350
2021,10,26,27.8,22.8,90,2,10
2021,10,27,30,23.8,86,3,40
2021,10,28,28,23.7,88,3,20
2021,10,29,29.8,23.5,81,3,10
2021,10,30,29.6,24.5,82,3,30
2021,10,31,30,24,81,2,40
2021,11,1,29,24,86,3,30
2021,11,2,27.4,24,84,3,360
2021,11,3,30,24,85,4,30
2021,11,4,29,24,88,3,40
2021,11,5,28,23,91,2,10
2021,11,6,31,25,83,2,360
2021,11,7,30,24,89,2,360
2021,11,8,28.8,24,89,2,50
2021,11,9,29,24,85,3,20
2021,11,10,30,24,87,2,40
2021,11,11,31,24,88,3,30
2021,11,12,28.3,23,90,3,20
2021,11,13,28,24.4,91,3,360
2021,11,14,31,24,85,2,20
2021,11,15,29.8,24.5,79,3,30
2021,11,16,28.5,24,85,2,20
2021,11,17,30,23.8,86,3,10
2021,11,18,30,23.8,89,2,10
2021,11,19,29.2,23.8,87,2,10
2021,11,20,27,23.5,91,2,360
2021,11,21,30,24,85,2,360
2021,11,22,29.5,25,82,3,10
2021,11,23,27,23,90,3,40
2021,11,24,30,23,90,3,40
2021,11,25,28,23.8,92,3,360
2021,11,26,28.2,23.7,90,2,10
2021,11,27,30.5,24,92,2,20
2021,11,28,29,24.5,89,2,360
2021,11,29,28.8,24,85,2,350
2021,11,30,29.8,23.5,81,1,320
2021,12,1,27,22,86,3,20
2021,12,2,28.4,22.2,78,4,360
2021,12,3,26.4,22,82,3,10
2021,12,4,27.6,21,89,3,30
2021,12,5,28,22,82,3,360
2021,12,6,28.5,22.5,82,3,10
2021,12,7,24.2,21.2,89,2,10
2021,12,8,27,21.2,82,5,10
2021,12,9,28,22.4,79,4,20
2021,12,10,27.2,23.3,82,4,20
2021,12,11,25.2,22.8,91,3,40
2021,12,12,26,22.5,93,3,360
2021,12,13,25,21.4,84,4,20
2021,12,14,28,21.5,78,4,20
2021,12,15,27,21.7,87,4,360
2021,12,16,28,23.2,91,5,30
2021,12,17,27,23.8,92,3,10
2021,12,18,29,23,88,2,40
2021,12,19,26.6,23.4,93,2,20
2021,12,20,28.8,22.8,86,2,30
2021,12,21,31,24.4,88,2,20
2021,12,22,30,23.6,90,2,50
2021,12,23,29.2,23.4,85,2,10
2021,12,24,28.2,23,87,2,10
2021,12,25,26.6,22.5,92,4,10
2021,12,26,25,22.6,91,4,30
2021,12,27,24.2,21.8,93,4,20
2021,12,28,25,21.8,91,4,20
2021,12,29,26,22.2,91,4,40
2021,12,30,27,22,85,3,40
2021,12,31,26.5,21.6,78,4,10
2022,1,1,26.8,21.3,82,5,50
2022,1,2,23.5,21,94,3,10
2022,1,3,25.5,22.2,82,3,40
2022,1,4,27,22,80,3,20
2022,1,5,27.8,21.6,80,3,40
2022,1,6,28,20.2,83,3,40
2022,1,7,29,23,82,3,30
2022,1,8,28.6,22.5,84,2,10
2022,1,9,28.4,22,86,3,40
2022,1,10,28.8,21.2,88,2,360
2022,1,11,30,20.4,88,2,30
2022,1,12,27,20.5,87,3,10
2022,1,13,25,20.5,92,2,20
2022,1,14,26,20.2,91,2,10
2022,1,15,26.8,20.5,85,3,10
2022,1,16,26,20.5,85,3,40
2022,1,17,26,21,79,3,10
2022,1,18,27,21,80,3,350
2022,1,19,26.6,21.5,85,3,10
2022,1,20,24.8,21,92,3,10
2022,1,21,29,22,88,2,360
2022,1,22,29,23.5,88,2,40
2022,1,23,27.5,23.5,85,3,260
2022,1,24,28.5,22,85,3,20
2022,1,25,28.6,22,82,5,40
2022,1,26,26.3,23,94,2,10
2022,1,27,28.3,21,87,2,10
2022,1,28,28.4,21.4,87,2,350
2022,1,29,29.5,21.5,86,1,170
2022,1,30,29,21.5,91,2,170
2022,1,31,26.5,22,91,3,50
2022,2,1,27.4,22,87,4,30
2022,2,2,25.5,21.5,91,3,20
2022,2,3,26.5,22,89,2,10
2022,2,4,27,22.1,85,3,20
2022,2,5,26.8,21.8,86,4,10
2022,2,6,26.8,22,86,3,40
2022,2,7,24.8,22,93,3,40
2022,2,8,29.1,23,87,3,20
2022,2,9,27.4,22,85,3,10
2022,2,10,28,21,84,3,40
2022,2,11,28.4,21.5,84,4,50
2022,2,12,26.8,22.5,90,2,30
2022,2,13,28.2,22,90,2,350
2022,2,14,28.5,22.6,87,2,10
2022,2,15,29,22,83,3,20
2022,2,16,28.5,22.8,86,3,20
2022,2,17,26.8,21.4,86,2,10
2022,2,18,28,22.4,87,2,350
2022,2,19,29.4,23,87,3,360
2022,2,20,27.4,23.2,89,3,360
2022,2,21,27.5,23,87,2,20
2022,2,22,27.3,23,95,3,40
2022,2,23,27.6,22,83,3,50
2022,2,24,28.9,22.8,83,3,20
2022,2,25,28,22,85,3,40
2022,2,26,24.6,20,93,3,30
2022,2,27,27,22.8,88,3,10
2022,2,28,28,22.6,87,4,40
2022,3,1,27.8,21.6,84,4,40
2022,3,2,28,22.5,83,3,10
2022,3,3,28.2,21.4,84,3,10
2022,3,4,28.2,22.6,87,3,20
2022,3,5,29.6,23,82,3,350
2022,3,6,27.5,23,80,3,40
2022,3,7,27.8,22.4,82,2,30
2022,3,8,28.6,22,84,4,10
2022,3,9,27,23,80,4,20
2022,3,10,27.3,20.5,80,3,10
2022,3,11,30.8,23.2,89,3,10
2022,3,12,30.6,23,86,3,40
2022,3,13,25.5,23,92,2,10
2022,3,14,28.5,23.4,87,2,360
2022,3,15,30,24,85,2,10
2022,3,16,31.4,24.2,83,2,10
2022,3,17,30.4,22,84,2,10
2022,3,18,30.3,22,86,1,220
2022,3,19,31.2,23,85,2,50
2022,3,20,29,25,84,3,40
2022,3,21,30,24,84,3,20
2022,3,22,31.4,24,79,3,40
2022,3,23,31.5,24.5,77,2,10
2022,3,24,31,22,81,3,10
2022,3,25,31,23.5,82,3,50
2022,3,26,31.4,24.5,79,2,360
2022,3,27,29.5,23.5,84,2,10
2022,3,28,30,24,83,2,10
2022,3,29,30.4,24,89,2,40
2022,3,30,29.9,24.2,81,3,10
2022,3,31,30,22,85,2,10
2022,4,1,30,22,86,3,40
2022,4,2,30,24,78,4,40
2022,4,3,29.8,24,84,4,10
2022,4,4,29,23,81,3,40
2022,4,5,25.6,23,96,3,10
2022,4,6,26.4,23,90,3,10
2022,4,7,28.6,21.5,88,3,10
2022,4,8,26.8,22,94,2,30
2022,4,9,30,23,83,3,40
2022,4,10,29,23,85,2,360
2022,4,11,27.8,23,87,2,10
2022,4,12,29.5,23.4,89,2,30
2022,4,13,29,22,88,2,160
2022,4,14,30.2,22.1,83,1,150
2022,4,15,30.5,23.8,90,3,40
2022,4,16,29,23.2,84,3,40
2022,4,17,26,22,87,2,20
2022,4,18,29,23,85,3,10
2022,4,19,30.5,23.6,79,3,30
2022,4,20,29.6,23.5,81,2,10
2022,4,21,31.2,22.8,82,2,10
2022,4,22,31,23.7,87,3,40
2022,4,23,30.8,23.5,81,3,40
2022,4,24,29.8,24,85,3,10
2022,4,25,30.2,24.2,85,3,10
2022,4,26,31.8,24.2,89,2,360
2022,4,27,31.4,23,81,3,10
2022,4,28,30.4,22.5,84,1,10
2022,4,29,31.2,23.8,87,2,60
2022,4,30,30.7,24.2,84,2,360
2022,5,1,31.8,23.5,81,3,360
2022,5,2,29.8,24,84,2,360
2022,5,3,30,24.7,84,1,70
2022,5,4,30.3,24.5,78,1,30
2022,5,5,32,23,74,1,40
2022,5,6,32.6,24,76,3,20
2022,5,7,32.4,25,79,2,360
2022,5,8,31,25,79,2,10
2022,5,9,31,24.2,79,2,50
2022,5,10,30.8,24.2,82,2,50
2022,5,11,31.2,24.5,80,2,10
2022,5,12,32.8,23.2,72,1,10
2022,5,13,32.7,24.2,84,1,180
2022,5,14,32.6,24.7,81,1,310
2022,5,15,30,24,89,2,40
2022,5,16,29.6,24,87,1,220
2022,5,17,29.5,23,86,1,160
2022,5,18,31.2,22.7,82,1,320
2022,5,19,30,22.6,89,2,10
2022,5,20,30.6,23.2,88,1,150
2022,5,21,30.5,23,89,2,310
2022,5,22,29.5,22.5,87,1,180
2022,5,23,29,23.5,86,1,200
2022,5,24,30.4,24,86,1,160
2022,5,25,31,23.7,83,1,170
2022,5,26,30.9,23,79,1,150
2022,5,27,31.5,23.5,78,1,140
2022,5,28,28.2,22,92,1,180
2022,5,29,31,24,86,1,300
2022,5,30,29.8,23.5,86,2,170
2022,5,31,29.8,24,86,2,360
2022,6,1,29.2,23.8,89,1,290
2022,6,2,31.7,22,81,1,180
2022,6,3,31,22,86,1,170
2022,6,4,32.2,22,80,1,310
2022,6,5,30,24,81,1,150
2022,6,6,31,24,83,1,170
2022,6,7,30.5,24.2,84,1,260
2022,6,8,31.2,23.8,82,1,230
2022,6,9,31.6,23,84,1,10
2022,6,10,32.4,23.4,75,2,330
2022,6,11,29.8,24.6,85,2,330
2022,6,12,32.2,24.5,79,2,300
2022,6,13,31,24,81,1,330
2022,6,14,31,23.7,83,2,340
2022,6,15,29,24,84,2,10
2022,6,16,31.1,24.2,81,2,350
2022,6,17,32.6,24.2,81,2,210
2022,6,18,32.2,25,79,1,360
2022,6,19,30.8,24.5,81,2,20
2022,6,20,30.6,24.2,82,2,360
2022,6,21,29,24.2,85,1,360
2022,6,22,31,22.6,83,2,40
2022,6,23,29.8,23.8,82,2,10
2022,6,24,32,25.2,77,2,360
2022,6,25,31.5,24.8,82,2,360
2022,6,26,30.8,24.4,85,2,10
2022,6,27,30.5,23.5,87,1,20
2022,6,28,26.4,23,92,1,20
2022,6,29,29,24,88,2,170
2022,6,30,29.2,23,89,2,170
2022,7,1,30.2,23.8,87,2,340
2022,7,2,30,24,88,1,250
2022,7,3,29.8,23.5,87,1,180
2022,7,4,29,23,86,1,130
2022,7,5,29.5,24.2,86,2,60
2022,7,6,30.2,24,84,2,60
2022,7,7,29.8,22.8,88,2,50
2022,7,8,29.4,23.4,89,1,360
2022,7,9,31.2,24.4,85,1,130
2022,7,10,30.2,23.5,91,1,360
2022,7,11,30.2,24,89,1,180
2022,7,12,28,24.2,90,1,190
2022,7,13,31.2,24.5,86,2,340
2022,7,14,31,23.2,84,1,10
2022,7,15,32,24,84,2,360
2022,7,16,31.4,23,92,2,160
2022,7,17,29.5,22.5,90,1,150
2022,7,18,31.4,22.5,93,1,10
2022,7,19,29.5,24.8,85,2,360
2022,7,20,31.5,23.5,88,2,10
2022,7,21,28.8,22.6,93,2,10
2022,7,22,31,23.6,91,2,360
2022,7,23,30.8,23,85,2,50
2022,7,24,32.6,24,82,2,40
2022,7,25,30.5,23.5,82,1,320
2022,7,26,28.5,22.8,88,2,70
2022,7,27,31.4,23.8,84,2,190
2022,7,28,32.2,23,87,1,140
2022,7,29,31.8,24,83,2,210
2022,7,30,30.4,23,89,1,180
2022,7,31,30,23.2,88,1,270
2022,8,1,30,23,89,1,210
2022,8,2,29.5,23.8,86,1,10
2022,8,3,30.6,24,81,1,10
2022,8,4,30.8,21.5,86,2,40
2022,8,5,25.4,23.2,94,1,190
2022,8,6,29,23.3,92,2,180
2022,8,7,28,23,94,2,160
2022,8,8,29,23.5,89,1,110
2022,8,9,29,23,88,1,320
2022,8,10,29.8,22.3,91,1,270
2022,8,11,30.1,21.2,87,1,200
2022,8,12,30.4,23.2,87,1,290
2022,8,13,30.2,23,90,2,50
2022,8,14,28.5,22,91,1,160
2022,8,15,29.5,22.5,88,1,240
2022,8,16,30.5,23.4,84,2,180
2022,8,17,30.5,23.2,83,2,230
2022,8,18,31.5,22,86,1,260
2022,8,19,29.6,23.6,86,1,180
2022,8,20,30.6,22.6,88,2,330
2022,8,21,31.2,24,82,2,200
2022,8,22,27.5,22.8,87,4,230
2022,8,23,28,23,87,3,230
2022,8,24,28.8,23,86,1,220
2022,8,25,31,22,79,1,10
2022,8,26,30.2,23.4,84,2,50
2022,8,27,28.6,24,91,2,20
2022,8,28,30.5,23,87,1,40
2022,8,29,30,23.5,86,1,30
2022,8,30,30.5,24,85,1,220
2022,8,31,32.2,23,90,1,200
2022,9,1,32.6,22,80,2,230
2022,9,2,28.8,24,87,3,210
2022,9,3,31,23.6,80,2,220
2022,9,4,32,23,77,2,240
2022,9,5,30.5,23,85,2,180
2022,9,6,30.2,23.8,84,1,340
2022,9,7,31.3,23.8,81,1,10
2022,9,8,33.7,22.5,76,2,70
2022,9,9,29.8,23.2,89,1,320
2022,9,10,32.2,22.5,81,2,50
2022,9,11,30.5,23,81,1,300
2022,9,12,31.7,23,80,2,310
2022,9,13,30.8,22.2,80,1,250
2022,9,14,32.4,24,75,2,230
2022,9,15,31.4,21,79,2,240
2022,9,16,32,23.1,83,2,40
2022,9,17,31,23,84,1,310
2022,9,18,31.8,23.5,75,3,250
2022,9,19,30.5,23,85,1,210
2022,9,20,29,22.8,93,1,170
2022,9,21,30.4,22.2,87,1,10
2022,9,22,29.6,20,90,1,40
2022,9,23,30.5,22,93,1,320
2022,9,24,30.9,23,81,2,40
2022,9,25,25.8,23.2,93,1,170
2022,9,26,27,23.2,91,1,180
2022,9,27,29.2,22,94,1,170
2022,9,28,30.5,23.7,91,1,180
2022,9,29,30.6,21.8,86,1,360
2022,9,30,28.2,23.6,89,2,340
2022,10,1,30,22,91,2,40
2022,10,2,29.4,23,89,3,40
2022,10,3,29.5,23,87,2,10
2022,10,4,29.8,24.8,82,1,20
2022,10,5,30.4,23,83,2,360
2022,10,6,30.4,22,83,2,360
2022,10,7,29.6,22,86,2,20
2022,10,8,28,23,89,2,360
2022,10,9,30.5,22.5,78,2,10
2022,10,10,31.8,23,72,2,20
2022,10,11,31.5,23,80,1,350
2022,10,12,30.2,23.5,82,1,360
2022,10,13,30.8,23,81,2,10
2022,10,14,29.2,21,94,1,350
2022,10,15,32.4,22.8,77,2,40
2022,10,16,31.8,24,80,3,190
2022,10,17,29.8,24,85,1,360
2022,10,18,30,23.5,85,1,360
2022,10,19,30.2,23.5,83,1,10
2022,10,20,29.5,22,88,1,20
2022,10,21,29.8,21.9,87,2,180
2022,10,22,31.4,23.5,82,2,20
2022,10,23,28.5,23,86,1,10
2022,10,24,29,24,86,2,10
2022,10,25,27.7,23.2,94,3,360
2022,10,26,27.4,22.2,87,3,360
2022,10,27,29.2,23.4,79,3,360
2022,10,28,26.4,23.2,92,3,360
2022,10,29,26.2,22.8,96,4,200
2022,10,30,28.4,24,93,4,180
2022,10,31,27,24.2,91,2,180
2022,11,1,30.5,21,87,2,180
2022,11,2,30,23,88,1,180
2022,11,3,30.2,22,85,1,360
2022,11,4,28,21,91,2,360
2022,11,5,28.4,23,86,3,20
2022,11,6,28,23,86,1,360
2022,11,7,30,23,80,2,10
2022,11,8,26.8,22.4,87,2,360
2022,11,9,28.8,23.8,86,1,10
2022,11,10,29.7,22.6,85,1,10
2022,11,11,29,22,87,2,360
2022,11,12,29.4,23,87,2,360
2022,11,13,29.6,23,90,3,40
2022,11,14,29,23,86,2,20
2022,11,15,29,24,86,1,360
2022,11,16,28.8,23,90,1,10
2022,11,17,30,21,86,1,10
2022,11,18,27.6,24.6,91,2,20
2022,11,19,28,23.5,95,2,350
2022,11,20,27,24,90,1,10
2022,11,21,28.8,23,87,2,40
2022,11,22,28.8,24.2,90,1,360
2022,11,23,30.2,23.8,85,2,10
2022,11,24,30.2,22,86,1,10
2022,11,25,30.2,23,87,3,20
2022,11,26,30,22,86,2,40
2022,11,27,29.6,23,80,3,350
2022,11,28,28.7,23,88,2,360
2022,11,29,29,24,83,2,360
2022,11,30,29.6,23,86,1,40
2022,12,1,27.8,21,91,2,20
2022,12,2,28.8,21.2,93,3,40
2022,12,3,29.4,23,87,3,360
2022,12,4,29,23.5,85,2,350
2022,12,5,27.4,23,85,2,360
2022,12,6,26.8,23.4,87,2,360
2022,12,7,29.7,23,83,1,20
2022,12,8,29.2,21,85,2,20
2022,12,9,27.2,23,89,3,360
2022,12,10,26,23,95,1,320
2022,12,11,27.5,23.5,88,1,20
2022,12,12,28,23.2,87,1,360
2022,12,13,27.2,23.8,89,2,20
2022,12,14,27,23.5,91,1,20
2022,12,15,27.4,22.4,93,2,360
2022,12,16,29.6,22,89,3,40
2022,12,17,29.2,22.8,92,2,20
2022,12,18,24.8,22,91,3,40
2022,12,19,23.4,21.5,93,4,20
2022,12,20,26.3,21.5,93,2,20
2022,12,21,29.4,23.2,81,1,40
2022,12,22,28.2,21.8,84,2,360
2022,12,23,25,20.4,88,4,360
2022,12,24,23.6,19.6,85,4,360
2022,12,25,23.8,20,83,4,360
2022,12,26,24.8,20,85,3,20
2022,12,27,26.2,20,79,3,20
2022,12,28,26.6,22,86,3,10
2022,12,29,26.8,22,90,2,40
2022,12,30,27.2,21,90,3,20
2022,12,31,26,23.5,95,2,360
2023,1,1,27.4,23,89,1,20
2023,1,2,25.8,23,91,3,20
2023,1,3,26,23,90,4,20
2023,1,4,24.4,22.5,92,4,40
2023,1,5,27.2,21,91,2,20
2023,1,6,28.2,20,94,3,20
2023,1,7,27,21,80,3,20
2023,1,8,26.4,21.2,83,3,360
2023,1,9,25.5,21.2,85,3,20
2023,1,10,25.5,21.6,83,2,360
2023,1,11,27.8,22,85,2,10
2023,1,12,27.4,21,90,2,40
2023,1,13,25.6,22.1,90,2,360
2023,1,14,24,22.6,94,2,360
2023,1,15,25.8,22,91,1,10
2023,1,16,25,21.6,90,3,20
2023,1,17,25,21.4,95,2,10
2023,1,18,24.9,22.5,94,3,10
2023,1,19,25.2,20.2,83,2,20
2023,1,20,24,19.8,94,4,40
2023,1,21,25,20,94,4,20
2023,1,22,26.4,22.5,90,2,40
2023,1,23,26,22.8,84,2,360
2023,1,24,27.4,21.5,85,3,20
2023,1,25,25.6,20.5,89,3,40
2023,1,26,25.4,20,87,2,10
2023,1,27,26,21,90,4,20
2023,1,28,23.5,20.4,88,4,20
2023,1,29,22.6,20.4,86,3,10
2023,1,30,25.4,20,86,3,40
2023,1,31,23.6,20.4,89,2,20
2023,2,1,26.6,22.3,88,2,40
2023,2,2,28.5,21,87,2,10
2023,2,3,27.8,22,85,3,360
2023,2,4,27,21,82,3,20
2023,2,5,28.2,21,87,3,360
2023,2,6,26.8,23,89,1,10
2023,2,7,27.8,23,86,2,20
2023,2,8,28.9,21.8,84,3,10
2023,2,9,27.4,22,83,2,10
2023,2,10,28.4,23,83,3,20
2023,2,11,27.8,23.5,87,2,360
2023,2,12,27.5,22.5,85,2,360
2023,2,13,27.4,23,82,2,10
2023,2,14,27.2,22.2,81,2,20
2023,2,15,27.8,21.2,78,3,360
2023,2,16,24,21.4,85,5,40
2023,2,17,26.6,21.5,78,3,40
2023,2,18,26.2,21.8,88,3,20
2023,2,19,25.6,22,95,2,20
2023,2,20,26.2,22.4,91,1,10
2023,2,21,25.6,22,85,2,10
2023,2,22,28.7,20.8,78,2,10
2023,2,23,29.4,21.5,83,1,180
2023,2,24,30.2,24.4,79,2,90
2023,2,25,26.8,23.5,86,4,20
2023,2,26,24.2,21.8,89,5,20
2023,2,27,23.8,21.8,87,4,20
2023,2,28,25.5,22,84,3,20
2023,3,1,26.8,21.5,88,2,20
2023,3,2,26,21,80,3,20
2023,3,3,27,21.3,78,4,20
2023,3,4,27,20,81,3,20
2023,3,5,26.4,21.8,74,3,360
2023,3,6,25.2,21.8,77,2,10
2023,3,7,26.2,22,77,2,360
2023,3,8,28.2,21.2,82,1,40
2023,3,9,28.8,21.8,76,1,10
2023,3,10,27.6,21.5,78,3,40
2023,3,11,27.2,22.2,77,3,20
2023,3,12,28.2,21.2,78,2,20
2023,3,13,24.8,21,85,2,10
2023,3,14,28,22,76,2,20
2023,3,15,29.6,22.8,79,2,10
2023,3,16,28.4,21.5,86,3,10
2023,3,17,28.8,23,80,3,20
2023,3,18,29.8,22.5,78,3,40
2023,3,19,29,22.6,79,3,40
2023,3,20,28.4,22,84,2,360
2023,3,21,28.8,22.2,82,1,10
2023,3,22,30.4,25.6,82,2,40
2023,3,23,31.5,23.5,75,2,10
2023,3,24,30.2,24,89,2,40
2023,3,25,31,24,88,2,20
2023,3,26,28.8,24.4,83,1,350
2023,3,27,29,24,83,2,20
2023,3,28,28.2,23.6,85,1,20
2023,3,29,28.8,23.5,80,2,40
2023,3,30,29.3,24,79,2,10
2023,3,31,30.8,24.5,87,2,360
2023,4,1,30.8,22.4,77,3,360
2023,4,2,30.2,24.5,80,2,40
2023,4,3,30.2,24,79,1,20
2023,4,4,28.8,23,86,2,20
2023,4,5,29.4,22.8,81,3,40
2023,4,6,30,23.2,82,3,360
2023,4,7,30.6,23.2,79,3,360
2023,4,8,30,23,80,4,20
2023,4,9,25.8,22.8,89,4,20
2023,4,10,27.8,23,83,2,20
2023,4,11,29,23.5,83,2,20
2023,4,12,24.8,22.6,94,1,180
2023,4,13,25.8,22.6,93,1,180
2023,4,14,30,22.9,86,1,180
2023,4,15,30.4,22.8,86,2,340
2023,4,16,28.2,24.7,87,1,220
2023,4,17,29.5,24.5,88,2,20
2023,4,18,31.2,24,86,2,40
2023,4,19,31.6,23,86,1,320
2023,4,20,31.6,23.6,82,1,180
2023,4,21,32.6,24.6,85,1,180
2023,4,22,32.4,24.8,82,2,360
2023,4,23,31,24,83,2,40
2023,4,24,29.2,24.5,82,2,360
2023,4,25,30.2,24.5,84,4,360
2023,4,26,30.4,24.4,84,2,40
2023,4,27,31,24.3,78,2,10
2023,4,28,31.4,24.8,78,3,360
2023,4,29,30.6,24.6,85,3,40
2023,4,30,31.2,25,80,3,360
2023,5,1,31.2,25,78,2,10
2023,5,2,31.4,24.8,78,4,20
2023,5,3,29,23.5,89,3,20
2023,5,4,30,23.8,87,2,20
2023,5,5,31,24,87,2,40
2023,5,6,32.2,24.2,77,2,180
2023,5,7,31.2,25,77,1,20
2023,5,8,31.5,25,76,1,180
2023,5,9,32.2,25.3,79,2,360
2023,5,10,28.6,24.7,83,2,360
2023,5,11,30.6,24.6,81,2,40
2023,5,12,31.8,24.4,79,3,360
2023,5,13,31.6,24.4,81,2,40
2023,5,14,30.2,24,88,1,350
2023,5,15,29.6,23.4,85,1,180
2023,5,16,31.6,24,88,1,180
2023,5,17,32.8,22.7,91,1,180
2023,5,18,32.4,23.6,84,1,270
2023,5,19,32.8,24.3,82,1,170
2023,5,20,31,23.4,89,1,270
2023,5,21,31.5,24,80,1,90
2023,5,22,31.5,24,81,1,270
2023,5,23,32.8,23.5,87,1,270
2023,5,24,31.8,23.8,84,1,360
2023,5,25,32.4,23.8,81,1,40
2023,5,26,32.2,24,81,2,360
2023,5,27,31.6,23.8,80,2,40
2023,5,28,33.2,25,78,2,180
2023,5,29,34,27,69,3,270
2023,5,30,31.2,24.5,78,4,180
2023,5,31,30.4,25.6,82,3,270
2023,6,1,33,24,77,2,180
2023,6,2,32.6,24.1,77,2,270
2023,6,3,32.8,23.2,84,2,180
2023,6,4,31.4,23.8,83,1,180
2023,6,5,31.2,25,83,2,20
2023,6,6,31.8,22.5,90,1,360
2023,6,7,31,23,85,1,190
2023,6,8,30.4,23.2,88,1,320
2023,6,9,32.2,24,89,1,180
2023,6,10,30,24.3,86,1,180
2023,6,11,31.4,24,82,2,220
2023,6,12,30.5,26,75,2,180
2023,6,13,32.8,24.5,76,2,180
2023,6,14,33,24,80,1,180
2023,6,15,32.4,24,81,1,180
2023,6,16,30.6,23.2,87,1,360
2023,6,17,32,25,82,2,360
2023,6,18,31.2,24.5,80,2,40
2023,6,19,30.8,24.8,86,1,180
2023,6,20,32,23,83,1,290
2023,6,21,32.2,24.2,77,1,180
2023,6,22,31.6,24.2,84,1,190
2023,6,23,32.4,24.8,75,2,20
2023,6,24,31.6,24,80,2,20
2023,6,25,30.6,23.5,82,2,360
2023,6,26,29.4,23,93,1,10
2023,6,27,29.8,23.5,89,1,360
2023,6,28,29.8,23.8,84,1,360
2023,6,29,29.4,23,89,1,360
2023,6,30,32.2,23.2,84,1,270
2023,7,1,31.3,24.7,82,1,40
2023,7,2,32.2,24.2,80,2,180
2023,7,3,31.8,24.8,79,1,20
2023,7,4,32.6,25,79,1,360
2023,7,5,32.4,23.8,79,1,360
2023,7,6,32.6,24.5,81,1,180
2023,7,7,32,24.4,85,1,360
2023,7,8,33.2,25.7,80,2,40
2023,7,9,31.6,24.4,77,1,40
2023,7,10,32,25,79,1,10
2023,7,11,32.6,25,75,2,40
2023,7,12,31.8,23.8,89,1,360
2023,7,13,28,24.5,91,1,10
2023,7,14,30,23.8,86,2,220
2023,7,15,28.4,24.1,93,1,180
2023,7,16,29.6,24,82,1,190
2023,7,17,29.8,23.6,87,1,180
2023,7,18,30.6,22.4,86,1,270
2023,7,19,31.6,23,86,1,10
2023,7,20,31,23.2,86,2,40
2023,7,21,31.6,23.5,83,2,40
2023,7,22,30.6,23.8,88,1,90
2023,7,23,29.6,22.5,84,1,190
2023,7,24,29.5,23.8,82,1,220
2023,7,25,30,24.2,88,3,220
2023,7,26,29.2,23.5,94,2,190
2023,7,27,29.8,24.2,89,2,180
2023,7,28,30.8,26,84,2,180
2023,7,29,29.6,24,81,3,220
2023,7,30,30.4,24.8,80,2,190
2023,7,31,31.2,24,77,2,210
2023,8,1,31.8,24.6,79,2,190
2023,8,2,30.8,24,84,2,180
2023,8,3,31.6,24.5,82,2,190
2023,8,4,32.6,25.8,72,3,190
2023,8,5,31.3,25.5,76,5,220
2023,8,6,30.8,25,73,3,220
2023,8,7,30.9,24.7,73,3,220
2023,8,8,33,24,73,2,270
2023,8,9,34.8,23.2,79,1,270
2023,8,10,34.4,23.8,78,1,270
2023,8,11,35,25.8,72,2,360
2023,8,12,32.3,23.7,82,1,110
2023,8,13,34.4,24,74,1,40
2023,8,14,32.8,22.6,85,1,270
2023,8,15,33,22.5,84,1,360
2023,8,16,32.8,23,85,1,180
2023,8,17,33.2,23,86,1,190
2023,8,18,32.2,22.6,86,1,340
2023,8,19,31.7,23.8,85,1,180
2023,8,20,31.6,23,85,1,180
2023,8,21,32.2,24.4,78,1,300
2023,8,22,32,23.8,84,1,180
2023,8,23,32.4,23.5,88,1,360
2023,8,24,32.2,23.5,84,2,180
2023,8,25,31.2,23.8,84,1,40
2023,8,26,28.9,23,81,3,220
2023,8,27,27,23,87,4,200
2023,8,28,30.2,23.5,81,3,220
2023,8,29,29.8,25,79,3,220
2023,8,30,30.2,23.5,88,2,190
2023,8,31,31.8,24.5,79,3,180
2023,9,1,28.2,25.5,86,3,190
2023,9,2,30,25,79,4,220
2023,9,3,30.2,24.5,85,3,190
2023,9,4,29.8,24.4,83,2,220
2023,9,5,32.2,23.8,82,2,180
2023,9,6,32.4,23.8,84,1,190
2023,9,7,32,23.2,85,1,180
2023,9,8,32.4,23.1,80,1,270
2023,9,9,32.2,23.5,79,1,180
2023,9,10,32.6,23,84,1,180
2023,9,11,30.8,23.2,85,1,170
2023,9,12,31.2,22,91,1,300
2023,9,13,29.4,22,90,1,290
2023,9,14,30,22.5,87,1,180
2023,9,15,32,23.6,83,2,280
2023,9,16,29.8,24,90,1,360
2023,9,17,30.8,23.5,84,1,20
2023,9,18,31.4,24.4,80,1,360
2023,9,19,31.6,24.2,86,1,360
2023,9,20,32.6,23,80,1,40
2023,9,21,32.4,23.8,85,1,40
2023,9,22,29.2,23.2,92,1,300
2023,9,23,28.2,23.8,91,1,360
2023,9,24,30.8,24,89,1,90
2023,9,25,29.5,23.4,91,1,360
2023,9,26,32.6,23.2,85,1,180
2023,9,27,31.2,24.2,85,0,0
2023,9,28,31.2,23.8,85,1,180
2023,9,29,32.2,23.2,84,2,180
2023,9,30,31.3,24.8,85,1,180
2023,10,1,32.4,24.5,88,1,180
2023,10,2,31.2,25.6,87,2,180
2023,10,3,30.8,24.4,73,3,190
2023,10,4,30.6,24,78,1,350
2023,10,5,30,21.8,89,1,350
2023,10,6,30.8,21.8,83,2,350
2023,10,7,30.1,23.2,87,1,180
2023,10,8,32.8,25,81,2,360
2023,10,9,31.2,24,80,3,360
2023,10,10,27.8,23.6,90,2,360
2023,10,11,30.6,23.8,86,2,20
2023,10,12,29.2,23.5,91,2,360
2023,10,13,30,25.2,85,3,360
2023,10,14,28.6,24.5,88,2,360
2023,10,15,30.4,23.5,86,2,90
2023,10,16,28,23.5,86,2,10
2023,10,17,31,23.2,80,2,20
2023,10,18,28.8,23.8,88,2,40
2023,10,19,31.4,24,84,1,20
2023,10,20,31.4,24,83,2,40
2023,10,21,26.4,23.6,87,3,20
2023,10,22,26.8,23,92,2,360
2023,10,23,27,23.6,86,2,360
2023,10,24,28.8,24,89,2,360
2023,10,25,31.2,23.8,83,2,360
2023,10,26,31,24,82,2,350
2023,10,27,31,24.6,78,3,40
2023,10,28,29.2,24.2,85,3,360
2023,10,29,27.8,23.5,88,2,360
2023,10,30,28.5,23.6,86,2,360
2023,10,31,29,23,83,3,40
2023,11,1,28.8,23,85,2,360
2023,11,2,30.4,24,87,1,360
2023,11,3,31,25.2,85,2,40
2023,11,4,31.4,25,81,1,40
2023,11,5,29.4,24,90,2,40
2023,11,6,30,24.2,88,3,40
2023,11,7,29,23.8,92,3,20
2023,11,8,29,24,93,1,40
2023,11,9,31.6,24,92,2,360
2023,11,10,30.4,24.9,90,3,360
2023,11,11,27.9,24,92,3,20
2023,11,12,30.4,23,93,2,10
2023,11,13,27.4,23,91,3,10
2023,11,14,29.8,23.6,93,4,10
2023,11,15,26,23.2,95,3,20
2023,11,16,29.6,23.4,88,2,360
2023,11,17,29.6,23,77,4,20
2023,11,18,28.4,23.3,82,4,40
2023,11,19,26.5,23,84,3,360
2023,11,20,27.2,23.3,87,3,10
2023,11,21,28,23.5,85,2,360
2023,11,22,29.2,23.4,87,2,10
2023,11,23,29.6,23.5,88,2,360
2023,11,24,27.2,23.4,94,4,20
2023,11,25,25.1,21.7,96,2,20
2023,11,26,27.7,23.5,94,2,10
2023,11,27,28.8,24,87,2,10
2023,11,28,29.8,23.5,92,2,10
2023,11,29,28.4,23.4,92,2,10
2023,11,30,28,24,92,3,10
2023,12,1,27,23.5,95,3,20
2023,12,2,28.6,24,90,3,360
2023,12,3,26.8,23.5,92,2,10
2023,12,4,29,23.6,87,2,10
2023,12,5,30,24.2,86,1,20
2023,12,6,31,23.8,86,2,10
2023,12,7,29.8,23.2,85,2,10
2023,12,8,30,23.8,85,2,20
2023,12,9,28.5,24.5,89,2,40
2023,12,10,30,23,87,2,20
2023,12,11,28.5,23.4,84,1,20
2023,12,12,30,23,82,2,10
2023,12,13,30,23.4,85,2,40
2023,12,14,26.6,22.8,92,3,40
2023,12,15,27.4,23.5,94,2,20
2023,12,16,29,23.5,89,3,360
2023,12,17,28,22,80,3,20
2023,12,18,26.5,23,91,2,20
2023,12,19,27.8,23.3,92,2,360
2023,12,20,29.4,23.5,88,2,40
2023,12,21,28.6,23,87,3,20
2023,12,22,27,21.5,94,4,20
2023,12,23,24.8,22.6,94,3,20
2023,12,24,26.8,22.2,92,2,10
2023,12,25,25.8,22.4,91,3,20
2023,12,26,27,23.2,91,3,360
2023,12,27,28.6,22.8,90,3,20
2023,12,28,29,23,90,2,10
2023,12,29,28.4,23.6,86,3,20
2023,12,30,27.9,24.3,89,2,360
2023,12,31,29.8,23.8,85,2,10
